date	time	blockheight	difficulty
12/10/2011	02:34:18	2	0.000244140625
13/10/2011	02:59:41	3	0.000244140625
14/10/2011	00:00:09	9685	0.015625
15/10/2011	00:05:08	10807	0.0625
16/10/2011	00:00:20	11569	0.0625
17/10/2011	00:01:40	12483	0.0903446288819
18/10/2011	00:04:00	13257	0.0903446288819
19/10/2011	00:01:45	14083	0.0903446288819
20/10/2011	00:02:50	14726	0.12603975344
21/10/2011	00:00:10	15485	0.12603975344
22/10/2011	00:02:56	16316	0.168004429872
23/10/2011	00:01:42	17044	0.168004429872
24/10/2011	00:00:10	17872	0.168004429872
25/10/2011	00:00:00	18468	0.220230194069
26/10/2011	00:06:04	18991	0.220230194069
27/10/2011	00:11:27	19568	0.220230194069
28/10/2011	00:02:27	19995	0.220230194069
29/10/2011	00:08:11	20446	0.187903202684
30/10/2011	00:03:21	21026	0.187903202684
31/10/2011	00:07:45	21762	0.187903202684
01/11/2011	00:00:21	22422	0.202801184593
02/11/2011	00:01:19	23298	0.202801184593
03/11/2011	00:04:36	24537	0.380873507105
04/11/2011	00:04:37	25441	0.380873507105
05/11/2011	00:00:37	26372	0.618815153346
06/11/2011	00:02:18	26965	0.618815153346
07/11/2011	00:00:12	27592	0.618815153346
08/11/2011	00:00:41	28176	0.618815153346
09/11/2011	00:04:14	28710	0.64215374063
10/11/2011	00:06:33	29253	0.64215374063
11/11/2011	00:06:39	29779	0.64215374063
12/11/2011	00:01:12	30356	0.601840372483
13/11/2011	00:07:20	30937	0.601840372483
14/11/2011	00:03:01	31496	0.601840372483
15/11/2011	00:01:00	32082	0.601840372483
16/11/2011	00:02:35	32674	0.606429344758
17/11/2011	00:06:04	33243	0.606429344758
18/11/2011	00:01:39	33866	0.606429344758
19/11/2011	00:02:02	34487	0.637686095164
20/11/2011	00:00:00	35086	0.637686095164
21/11/2011	00:01:38	35733	0.637686095164
22/11/2011	00:00:21	36320	0.668888299175
23/11/2011	00:03:39	36873	0.668888299175
24/11/2011	00:01:55	37460	0.668888299175
25/11/2011	00:00:48	37971	0.668888299175
26/11/2011	00:00:14	38552	0.640534438439
27/11/2011	00:02:09	39131	0.640534438439
28/11/2011	00:02:04	39737	0.640534438439
29/11/2011	00:02:55	40330	0.666094097797
30/11/2011	00:00:12	40899	0.666094097797
01/12/2011	00:01:21	41619	0.666094097797
02/12/2011	00:04:28	42330	0.666094097797
03/12/2011	00:01:30	43073	0.766796152856
04/12/2011	00:00:39	43842	0.766796152856
05/12/2011	00:03:36	44478	0.986735124066
06/12/2011	00:03:06	45005	0.986735124066
07/12/2011	00:07:52	45593	0.986735124066
08/12/2011	00:00:32	46172	0.986735124066
09/12/2011	00:01:27	46708	0.957791970536
10/12/2011	00:04:36	47217	0.957791970536
11/12/2011	00:01:09	47788	0.957791970536
12/12/2011	00:00:46	48388	0.915472299053
13/12/2011	00:10:23	48947	0.915472299053
14/12/2011	00:00:35	49340	0.915472299053
15/12/2011	00:01:16	49718	0.915472299053
16/12/2011	00:00:28	50202	0.915472299053
17/12/2011	00:06:35	50803	0.721560380516
18/12/2011	00:00:29	51393	0.721560380516
19/12/2011	00:03:16	52028	0.721560380516
20/12/2011	00:02:40	52567	0.774782762901
21/12/2011	00:01:00	53122	0.774782762901
22/12/2011	00:05:42	53763	0.774782762901
23/12/2011	00:00:29	54515	0.867105942127
24/12/2011	00:05:08	54914	0.867105942127
25/12/2011	00:10:23	55197	0.867105942127
26/12/2011	00:07:27	55472	0.867105942127
27/12/2011	00:00:44	55801	0.867105942127
28/12/2011	00:00:07	56145	0.867105942127
29/12/2011	00:01:10	56579	0.50166494431
30/12/2011	00:01:13	57779	0.50166494431
31/12/2011	00:00:47	58769	1.06576572181
01/01/2012	00:00:28	59339	1.06576572181
02/01/2012	00:00:41	59903	1.06576572181
03/01/2012	00:02:06	60535	1.10209538544
04/01/2012	00:07:56	61163	1.10209538544
05/01/2012	00:00:38	61797	1.10209538544
06/01/2012	00:03:54	62428	1.10209538544
07/01/2012	00:01:21	62966	1.21112158341
08/01/2012	00:15:49	63406	1.21112158341
09/01/2012	00:17:03	63685	1.21112158341
10/01/2012	00:00:33	63884	1.21112158341
11/01/2012	00:00:18	64078	1.21112158341
12/01/2012	00:19:11	64307	1.21112158341
13/01/2012	00:00:44	64884	0.650368179743
14/01/2012	00:00:55	65905	0.650368179743
15/01/2012	00:02:38	66758	1.14441631014
16/01/2012	00:00:03	67081	1.14441631014
17/01/2012	00:09:37	67396	1.14441631014
18/01/2012	00:17:37	67654	1.14441631014
19/01/2012	00:11:08	67891	1.14441631014
20/01/2012	00:03:27	68060	1.14441631014
21/01/2012	00:01:47	68277	1.14441631014
22/01/2012	00:00:34	68503	1.14441631014
23/01/2012	00:00:13	68914	0.524263223577
24/01/2012	00:00:01	69461	0.524263223577
25/01/2012	00:03:50	69901	0.524263223577
26/01/2012	00:04:24	70477	0.524263223577
27/01/2012	00:11:44	71078	0.4681673358
28/01/2012	00:02:55	71720	0.4681673358
29/01/2012	00:00:56	72624	0.585222757026
30/01/2012	00:01:08	73656	0.585222757026
31/01/2012	00:00:03	74618	1.0331047529
01/02/2012	00:01:49	74979	1.0331047529
02/02/2012	00:04:52	75453	1.0331047529
03/02/2012	00:01:28	76110	1.0331047529
04/02/2012	00:05:38	76845	0.967506200543
05/02/2012	00:00:43	77709	0.967506200543
06/02/2012	00:00:44	78582	0.967506200543
07/02/2012	00:04:40	79178	1.42855585831
08/02/2012	00:00:52	79792	1.42855585831
09/02/2012	00:03:31	80416	1.42855585831
10/02/2012	00:03:21	80983	1.49207686353
11/02/2012	00:03:53	81521	1.49207686353
12/02/2012	00:01:05	82145	1.49207686353
13/02/2012	00:00:21	82753	1.52769359877
14/02/2012	00:01:11	83370	1.52769359877
15/02/2012	00:02:26	83969	1.52769359877
16/02/2012	00:00:59	84585	1.52769359877
17/02/2012	00:01:17	85155	1.59266550015
18/02/2012	00:00:30	85744	1.59266550015
19/02/2012	00:00:16	86352	1.59266550015
20/02/2012	00:00:27	86976	1.66870368956
21/02/2012	00:08:38	87545	1.66870368956
22/02/2012	00:00:14	88177	1.66870368956
23/02/2012	00:01:05	88761	1.72737815968
24/02/2012	00:01:32	89399	1.72737815968
25/02/2012	00:00:42	89897	1.72737815968
26/02/2012	00:00:09	90442	1.72737815968
27/02/2012	00:06:23	91051	1.74216444693
28/02/2012	00:00:56	91483	1.74216444693
29/02/2012	00:00:20	91964	1.74216444693
01/03/2012	00:03:30	92346	1.74216444693
02/03/2012	00:00:06	92835	1.36168134973
03/03/2012	00:00:57	93588	1.36168134973
04/03/2012	00:00:21	94555	1.36168134973
05/03/2012	00:04:16	95298	2.05084348581
06/03/2012	00:05:00	95778	2.05084348581
07/03/2012	00:02:06	96245	2.05084348581
08/03/2012	00:04:23	96581	2.05084348581
09/03/2012	00:02:01	96991	1.68249852379
10/03/2012	00:00:09	97389	1.68249852379
11/03/2012	00:06:56	97757	1.68249852379
12/03/2012	00:01:35	98200	1.68249852379
13/03/2012	00:02:01	98613	1.68249852379
14/03/2012	00:00:00	99265	1.20036266393
15/03/2012	00:04:35	100023	1.20036266393
16/03/2012	00:02:25	100686	1.20036266393
17/03/2012	00:02:30	101288	1.46600899269
18/03/2012	00:02:11	101851	1.46600899269
19/03/2012	00:00:58	102502	1.46600899269
20/03/2012	00:00:40	103225	1.5890354493
21/03/2012	00:05:15	103926	1.5890354493
22/03/2012	00:05:34	104643	1.5890354493
23/03/2012	00:05:49	105213	1.96388972131
24/03/2012	00:02:01	105726	1.96388972131
25/03/2012	00:01:58	106235	1.96388972131
26/03/2012	00:04:42	106702	1.96388972131
27/03/2012	00:00:58	107253	1.7154861002
28/03/2012	00:01:55	107833	1.7154861002
29/03/2012	00:05:56	108430	1.7154861002
30/03/2012	00:00:40	109065	1.74806615097
31/03/2012	00:10:18	109655	1.74806615097
01/04/2012	00:00:01	110220	1.74806615097
02/04/2012	00:01:01	110801	1.74806615097
03/04/2012	00:00:19	111343	1.78501389116
04/04/2012	00:02:23	111885	1.78501389116
05/04/2012	00:06:02	112392	1.78501389116
06/04/2012	00:01:01	112869	1.78501389116
07/04/2012	00:00:06	113428	1.58872727273
08/04/2012	00:01:51	114043	1.58872727273
09/04/2012	00:00:49	114671	1.58872727273
10/04/2012	00:02:53	115291	1.68409826798
11/04/2012	00:00:06	115951	1.68409826798
12/04/2012	00:00:13	116476	1.68409826798
13/04/2012	00:02:17	117051	1.72938382372
14/04/2012	00:01:07	117625	1.72938382372
15/04/2012	00:00:39	118176	1.72938382372
16/04/2012	00:01:16	118724	1.72938382372
17/04/2012	00:05:51	119304	1.70105902507
18/04/2012	00:00:48	119859	1.70105902507
19/04/2012	00:01:36	120413	1.70105902507
20/04/2012	00:03:50	120955	1.70105902507
21/04/2012	00:03:49	121494	1.61734945706
22/04/2012	00:00:55	122001	1.61734945706
23/04/2012	00:02:08	122537	1.61734945706
24/04/2012	00:06:18	123086	1.48794387431
25/04/2012	00:01:44	123723	1.48794387431
26/04/2012	00:03:00	124212	1.48794387431
27/04/2012	00:08:45	124673	1.48794387431
28/04/2012	00:04:54	125153	1.33573161038
29/04/2012	00:00:58	125643	1.33573161038
30/04/2012	00:07:16	126180	1.33573161038
01/05/2012	00:00:04	126772	1.33573161038
02/05/2012	00:01:24	127431	1.26410508651
03/05/2012	00:00:34	128023	1.26410508651
04/05/2012	00:02:08	128590	1.26410508651
05/05/2012	00:06:22	129058	1.26162287034
06/05/2012	00:01:20	129517	1.26162287034
07/05/2012	00:13:25	130080	1.26162287034
08/05/2012	00:01:25	130614	1.26162287034
09/05/2012	00:00:02	131208	1.17141835732
10/05/2012	00:03:11	131772	1.17141835732
11/05/2012	00:09:07	132343	1.17141835732
12/05/2012	00:00:13	132925	1.17141835732
13/05/2012	00:03:44	133485	1.16254523522
14/05/2012	00:06:21	134065	1.16254523522
15/05/2012	00:10:10	134676	1.16254523522
16/05/2012	00:00:59	135197	1.15635035466
17/05/2012	00:03:03	135699	1.15635035466
18/05/2012	00:11:23	136200	1.15635035466
19/05/2012	00:02:33	136653	1.15635035466
20/05/2012	00:02:50	137168	0.978879445548
21/05/2012	00:06:49	137772	0.978879445548
22/05/2012	00:02:08	138391	0.978879445548
23/05/2012	00:00:34	139027	0.978879445548
24/05/2012	00:02:06	139628	1.06393168498
25/05/2012	00:00:44	140290	1.06393168498
26/05/2012	00:00:38	140976	1.06393168498
27/05/2012	00:00:37	141531	1.19262966333
28/05/2012	00:02:24	142011	1.19262966333
29/05/2012	00:02:18	142534	1.19262966333
30/05/2012	00:02:24	143025	1.19262966333
31/05/2012	00:00:37	143605	1.03579895685
01/06/2012	00:02:16	144175	1.03579895685
02/06/2012	00:03:45	144722	1.03579895685
03/06/2012	00:04:00	145316	1.03000345771
04/06/2012	00:01:19	145873	1.03000345771
05/06/2012	00:02:20	146434	1.03000345771
06/06/2012	00:03:06	147079	1.03000345771
07/06/2012	00:01:23	147726	1.07099083199
08/06/2012	00:01:29	148278	1.07099083199
09/06/2012	00:00:14	148873	1.07099083199
10/06/2012	00:00:57	149517	1.12223230645
11/06/2012	00:03:09	150067	1.12223230645
12/06/2012	00:00:56	150616	1.12223230645
13/06/2012	00:06:51	151206	1.11674391657
14/06/2012	00:03:14	151811	1.11674391657
15/06/2012	00:00:39	152400	1.11674391657
16/06/2012	00:06:24	153030	1.11674391657
17/06/2012	00:10:35	153607	1.18493138301
18/06/2012	00:00:54	154165	1.18493138301
19/06/2012	00:02:55	154749	1.18493138301
20/06/2012	00:01:17	155275	1.14299916283
21/06/2012	00:02:20	155800	1.14299916283
22/06/2012	00:01:19	156397	1.14299916283
23/06/2012	00:00:35	157058	1.14299916283
24/06/2012	00:01:48	157743	1.18085336409
25/06/2012	00:01:33	158546	1.18085336409
26/06/2012	00:03:52	159388	1.64223425049
27/06/2012	00:03:04	160023	1.64223425049
28/06/2012	00:02:03	160639	1.64223425049
29/06/2012	00:02:48	161360	1.87537559021
30/06/2012	00:01:01	162012	1.87537559021
01/07/2012	00:03:11	162633	1.87537559021
02/07/2012	00:06:41	163286	1.87537559021
03/07/2012	00:00:38	163890	2.09996203612
04/07/2012	00:00:21	164535	2.09996203612
05/07/2012	00:05:24	165294	2.09996203612
06/07/2012	00:01:32	166028	2.44041820463
07/07/2012	00:00:57	166844	2.44041820463
08/07/2012	00:00:32	167678	3.4016089809
09/07/2012	00:00:10	168673	3.4016089809
10/07/2012	00:02:51	169599	5.79780583438
11/07/2012	00:00:56	170212	5.79780583438
12/07/2012	00:01:47	170812	5.79780583438
13/07/2012	00:00:26	171348	5.79780583438
14/07/2012	00:00:17	171866	5.8823265416
15/07/2012	00:02:15	172465	5.8823265416
16/07/2012	00:03:45	173113	5.8823265416
17/07/2012	00:07:06	173703	6.17063840164
18/07/2012	00:00:03	174362	6.17063840164
19/07/2012	00:04:42	175019	6.17063840164
20/07/2012	00:15:25	175613	6.68839393247
21/07/2012	00:05:30	176223	6.68839393247
22/07/2012	00:00:06	176892	6.68839393247
23/07/2012	00:03:36	177482	7.14603468031
24/07/2012	00:00:52	178123	7.14603468031
25/07/2012	00:02:07	178819	7.14603468031
26/07/2012	00:02:25	179498	8.36767795261
27/07/2012	00:03:53	180026	8.36767795261
28/07/2012	00:02:31	180681	8.36767795261
29/07/2012	00:00:14	181330	8.36767795261
30/07/2012	00:04:08	181989	8.87985569472
31/07/2012	00:00:45	182736	8.87985569472
01/08/2012	00:00:56	183345	8.87985569472
02/08/2012	00:03:25	183948	10.4311494001
03/08/2012	00:02:07	184571	10.4311494001
04/08/2012	00:03:59	185140	10.4311494001
05/08/2012	00:01:50	185671	10.5796664594
06/08/2012	00:01:32	186162	10.5796664594
07/08/2012	00:00:18	186645	10.5796664594
08/08/2012	00:01:38	187091	10.5796664594
09/08/2012	00:00:50	187608	8.83304261847
10/08/2012	00:01:20	188188	8.83304261847
11/08/2012	00:00:48	188748	8.83304261847
12/08/2012	00:03:20	189337	8.83304261847
13/08/2012	00:04:45	189923	8.90896394614
14/08/2012	00:00:56	190501	8.90896394614
15/08/2012	00:00:05	191084	8.90896394614
16/08/2012	00:01:56	191699	9.08287486641
17/08/2012	00:01:28	192233	9.08287486641
18/08/2012	00:02:08	192783	9.08287486641
19/08/2012	00:00:44	193287	9.08287486641
20/08/2012	00:08:58	193847	8.49155903513
21/08/2012	00:00:18	194454	8.49155903513
22/08/2012	00:00:59	195031	8.49155903513
23/08/2012	00:02:09	195505	8.49155903513
24/08/2012	00:02:27	196087	8.14419487473
25/08/2012	00:00:03	196680	8.14419487473
26/08/2012	00:02:19	197328	8.14419487473
27/08/2012	00:00:52	197921	8.80951305756
28/08/2012	00:04:19	198481	8.80951305756
29/08/2012	00:02:01	199011	8.80951305756
30/08/2012	00:00:43	199637	8.56814106594
31/08/2012	00:00:48	200223	8.56814106594
01/09/2012	00:03:29	200805	8.56814106594
02/09/2012	00:03:16	201441	8.56814106594
03/09/2012	00:01:34	202043	8.97013974139
04/09/2012	00:03:10	202592	8.97013974139
05/09/2012	00:06:43	203163	8.97013974139
06/09/2012	00:00:38	203705	8.86794307842
07/09/2012	00:02:32	204416	8.86794307842
08/09/2012	00:01:44	204982	8.86794307842
09/09/2012	00:01:23	205569	8.86794307842
10/09/2012	00:03:58	206147	9.40447348388
11/09/2012	00:01:39	206682	9.40447348388
12/09/2012	00:01:17	207210	9.40447348388
13/09/2012	00:00:04	207803	9.11735807386
14/09/2012	00:03:14	208350	9.11735807386
15/09/2012	00:01:39	208884	9.11735807386
16/09/2012	00:00:28	209435	9.11735807386
17/09/2012	00:06:46	209992	8.54172712637
18/09/2012	00:01:36	210583	8.54172712637
19/09/2012	00:07:54	211188	8.54172712637
20/09/2012	00:02:08	211790	8.84083922039
21/09/2012	00:01:21	212430	8.84083922039
22/09/2012	00:03:27	213068	8.84083922039
23/09/2012	00:01:32	213695	8.84083922039
24/09/2012	00:06:21	214324	9.76438995261
25/09/2012	00:02:38	214959	9.76438995261
26/09/2012	00:01:38	215659	9.76438995261
27/09/2012	00:07:51	216244	11.0646767744
28/09/2012	00:00:00	216758	11.0646767744
29/09/2012	00:12:38	217399	11.0646767744
30/09/2012	00:00:36	217981	11.092703672
01/10/2012	00:01:50	218579	11.092703672
02/10/2012	00:06:01	219179	11.092703672
03/10/2012	00:01:06	219793	11.6562033633
04/10/2012	00:04:34	220416	11.6562033633
05/10/2012	00:00:32	221096	11.6562033633
06/10/2012	00:02:35	221763	13.2200104329
07/10/2012	00:01:43	222335	13.2200104329
08/10/2012	00:00:20	222923	13.2200104329
09/10/2012	00:01:35	223494	13.2200104329
10/10/2012	00:00:30	224131	13.5803164674
11/10/2012	00:01:35	224814	13.5803164674
12/10/2012	00:03:14	225499	13.5803164674
13/10/2012	00:04:44	226297	16.0187906391
14/10/2012	00:01:59	227110	16.0187906391
15/10/2012	00:00:32	227905	22.6667279149
16/10/2012	00:03:37	228490	22.6667279149
17/10/2012	00:00:18	229066	22.6667279149
18/10/2012	00:14:15	229583	22.6667279149
19/10/2012	00:00:42	230103	21.8597154595
20/10/2012	00:01:20	230583	21.8597154595
21/10/2012	00:00:21	231020	21.8597154595
22/10/2012	00:04:06	231510	21.8597154595
23/10/2012	00:00:55	232076	18.2949865053
24/10/2012	00:03:22	232829	18.2949865053
25/10/2012	00:06:45	233562	18.2949865053
26/10/2012	00:00:04	234142	23.0396097663
27/10/2012	00:00:26	234604	23.0396097663
28/10/2012	00:03:43	235136	23.0396097663
29/10/2012	00:04:58	235611	23.0396097663
30/10/2012	00:05:07	236159	19.6481201493
31/10/2012	00:00:51	236806	19.6481201493
01/11/2012	00:00:34	237463	19.6481201493
02/11/2012	00:04:33	238089	22.3609617222
03/11/2012	00:00:45	238715	22.3609617222
04/11/2012	00:02:12	239430	22.3609617222
05/11/2012	00:01:37	240092	25.4427275664
06/11/2012	00:00:23	240676	25.4427275664
07/11/2012	00:02:33	241168	25.4427275664
08/11/2012	00:03:03	241664	25.4427275664
09/11/2012	00:02:49	242110	22.8034578372
10/11/2012	00:03:33	242588	22.8034578372
11/11/2012	00:00:58	243039	22.8034578372
12/11/2012	00:02:15	243526	22.8034578372
13/11/2012	00:03:14	243985	18.4828534412
14/11/2012	00:01:49	244645	18.4828534412
15/11/2012	00:01:04	245288	18.4828534412
16/11/2012	00:02:24	245984	21.2340241337
17/11/2012	00:00:57	246522	21.2340241337
18/11/2012	00:01:34	247004	21.2340241337
19/11/2012	00:02:22	247487	21.2340241337
20/11/2012	00:01:02	247956	21.2340241337
21/11/2012	00:00:59	248489	18.3388224955
22/11/2012	00:00:02	249026	18.3388224955
23/11/2012	00:00:22	249578	18.3388224955
24/11/2012	00:02:02	250139	17.0715639796
25/11/2012	00:00:32	250785	17.0715639796
26/11/2012	00:02:01	251463	17.0715639796
27/11/2012	00:02:24	252121	19.7794859703
28/11/2012	00:02:36	252707	19.7794859703
29/11/2012	00:00:21	253410	19.7794859703
30/11/2012	00:05:35	254433	24.8900071805
01/12/2012	00:01:00	255470	24.8900071805
02/12/2012	00:06:39	256238	44.0395640396
03/12/2012	00:03:18	256619	44.0395640396
04/12/2012	07:31:09	256970	44.0395640396
05/12/2012	07:44:56	257321	44.0395640396
06/12/2012	09:57:51	257672	44.0395640396
07/12/2012	07:27:56	258023	44.0395640396
08/12/2012	00:00:36	258590	26.4723118555
09/12/2012	00:01:11	259494	26.4723118555
10/12/2012	00:00:07	260251	42.2770226341
11/12/2012	01:11:48	260602	42.2770226341
12/12/2012	02:01:11	260953	42.2770226341
13/12/2012	03:58:44	261304	42.2770226341
14/12/2012	05:25:07	261655	42.2770226341
15/12/2012	03:30:25	262006	42.2770226341
16/12/2012	00:00:18	262640	25.5806783615
17/12/2012	00:03:13	263667	25.5806783615
18/12/2012	00:00:16	264307	43.0974106042
19/12/2012	00:03:24	264678	43.0974106042
20/12/2012	00:10:29	265052	43.0974106042
21/12/2012	00:08:24	265439	43.0974106042
22/12/2012	00:03:42	265808	43.0974106042
23/12/2012	00:02:30	266256	28.2081865642
24/12/2012	00:01:59	267095	28.2081865642
25/12/2012	00:05:00	267919	28.2081865642
26/12/2012	00:00:00	268496	40.0096345776
27/12/2012	00:03:57	268950	40.0096345776
28/12/2012	00:00:35	269339	40.0096345776
29/12/2012	00:04:20	269771	40.0096345776
30/12/2012	00:01:47	270231	30.5446044777
31/12/2012	00:06:16	270879	30.5446044777
01/01/2013	00:00:04	271535	30.5446044777
02/01/2013	00:00:35	272189	34.321836776
03/01/2013	00:04:12	272686	34.321836776
04/01/2013	00:06:56	273155	34.321836776
05/01/2013	00:05:36	273639	34.321836776
06/01/2013	00:03:59	273995	34.321836776
07/01/2013	00:03:07	274452	26.1120812827
08/01/2013	00:04:38	275105	26.1120812827
09/01/2013	00:01:58	275740	26.1120812827
10/01/2013	00:00:31	276370	29.1606874687
11/01/2013	00:06:44	276853	29.1606874687
12/01/2013	00:03:00	277298	29.1606874687
13/01/2013	00:01:29	277762	29.1606874687
14/01/2013	00:04:59	278227	23.8027447637
15/01/2013	00:00:41	278916	23.8027447637
16/01/2013	00:01:04	279578	23.8027447637
17/01/2013	00:00:23	280234	27.680504477
18/01/2013	00:24:08	280718	27.680504477
19/01/2013	00:00:46	281150	27.680504477
20/01/2013	00:02:39	281514	27.680504477
21/01/2013	00:04:46	281907	27.680504477
22/01/2013	00:03:17	282316	19.804305561
23/01/2013	00:00:20	282939	19.804305561
24/01/2013	00:01:19	283575	19.804305561
25/01/2013	00:03:07	284131	19.804305561
26/01/2013	00:01:41	284729	20.5188115034
27/01/2013	00:03:04	285271	20.5188115034
28/01/2013	00:01:00	285840	20.5188115034
29/01/2013	00:03:35	286379	20.3140653776
30/01/2013	00:00:30	286928	20.3140653776
31/01/2013	00:01:35	287458	20.3140653776
01/02/2013	00:05:27	288012	20.3140653776
02/02/2013	00:00:27	288573	18.9374161884
03/02/2013	00:03:48	289205	18.9374161884
04/02/2013	00:03:25	289803	18.9374161884
05/02/2013	00:04:55	290437	20.5428809326
06/02/2013	00:00:05	290992	20.5428809326
07/02/2013	00:00:24	291576	20.5428809326
08/02/2013	00:00:49	292160	20.5428809326
09/02/2013	00:01:48	292763	20.5318190719
10/02/2013	00:00:16	293343	20.5318190719
11/02/2013	00:02:45	293912	20.5318190719
12/02/2013	00:19:26	294466	20.7938801867
13/02/2013	00:04:10	294957	20.7938801867
14/02/2013	00:02:34	295415	20.7938801867
15/02/2013	00:02:15	295835	20.7938801867
16/02/2013	00:01:05	296246	20.7938801867
17/02/2013	00:02:37	296842	15.9730370455
18/02/2013	00:09:28	297487	15.9730370455
19/02/2013	00:02:24	298169	15.9730370455
20/02/2013	00:01:16	298783	18.6757205036
21/02/2013	00:08:09	299277	18.6757205036
22/02/2013	00:00:53	299758	18.6757205036
23/02/2013	00:01:45	300268	18.6757205036
24/02/2013	00:04:43	300816	16.5030912015
25/02/2013	00:01:56	301367	16.5030912015
26/02/2013	00:00:03	301930	16.5030912015
27/02/2013	00:01:28	302464	15.8195751326
28/02/2013	00:11:31	303020	15.8195751326
01/03/2013	00:00:03	303645	15.8195751326
02/03/2013	00:03:59	304391	15.8195751326
03/03/2013	00:03:21	305171	17.6034415823
04/03/2013	00:01:15	306006	17.6034415823
05/03/2013	00:00:08	306814	25.2735095267
06/03/2013	00:04:14	307528	25.2735095267
07/03/2013	00:02:32	308465	35.2254374583
08/03/2013	00:02:31	309060	35.2254374583
09/03/2013	00:00:16	309647	35.2254374583
10/03/2013	00:00:09	310352	35.2254374583
11/03/2013	00:04:18	311020	38.8926340973
12/03/2013	00:03:38	311856	38.8926340973
13/03/2013	00:01:37	312724	54.1915978113
14/03/2013	00:00:43	313607	54.1915978113
15/03/2013	00:02:01	314566	84.2242236212
16/03/2013	00:04:34	315195	84.2242236212
17/03/2013	00:02:58	315840	84.2242236212
18/03/2013	00:00:07	316526	96.1524045322
19/03/2013	00:00:20	317112	96.1524045322
20/03/2013	00:19:16	317571	96.1524045322
21/03/2013	00:22:05	317956	96.1524045322
22/03/2013	01:58:23	318307	96.1524045322
23/03/2013	04:14:14	318658	68.5941377774
24/03/2013	00:00:22	319137	68.5941377774
25/03/2013	00:00:26	319775	68.5941377774
26/03/2013	00:01:31	320586	78.3095514822
27/03/2013	00:00:43	321285	78.3095514822
28/03/2013	00:00:53	322016	78.3095514822
29/03/2013	00:02:16	322661	96.1959588083
30/03/2013	00:01:34	323215	96.1959588083
31/03/2013	00:03:53	323798	96.1959588083
01/04/2013	00:00:29	324472	96.1959588083
02/04/2013	00:01:16	325214	100.543922523
03/04/2013	00:00:19	326116	100.543922523
04/04/2013	00:00:50	327012	153.16808633
05/04/2013	00:00:07	327784	153.16808633
06/04/2013	00:00:44	328570	153.16808633
07/04/2013	00:03:36	329169	205.776523979
08/04/2013	00:00:39	329764	205.776523979
09/04/2013	00:02:11	330526	205.776523979
10/04/2013	00:00:36	331203	234.449335513
11/04/2013	00:02:57	331933	234.449335513
12/04/2013	00:03:46	332682	293.359911871
13/04/2013	00:13:36	333233	293.359911871
14/04/2013	00:02:01	333913	293.359911871
15/04/2013	00:00:31	334588	293.359911871
16/04/2013	00:05:11	335217	323.274177698
17/04/2013	00:01:30	335864	323.274177698
18/04/2013	00:00:58	336548	323.274177698
19/04/2013	00:04:09	337154	364.360082528
20/04/2013	00:00:38	337707	364.360082528
21/04/2013	00:02:32	338311	364.360082528
22/04/2013	00:00:34	338939	374.946027489
23/04/2013	00:02:13	339589	374.946027489
24/04/2013	00:01:09	340176	374.946027489
25/04/2013	00:00:54	340791	404.820114374
26/04/2013	00:03:17	341377	404.820114374
27/04/2013	00:00:37	342015	404.820114374
28/04/2013	00:02:53	342665	404.820114374
29/04/2013	00:00:37	343297	437.9378214
30/04/2013	00:11:39	343947	437.9378214
01/05/2013	00:02:29	344574	437.9378214
02/05/2013	00:01:50	345208	482.512510785
03/05/2013	00:01:42	345731	482.512510785
04/05/2013	00:07:24	346129	482.512510785
05/05/2013	00:02:52	346547	482.512510785
06/05/2013	00:01:04	346989	396.552816319
07/05/2013	00:02:19	347626	396.552816319
08/05/2013	00:00:16	348385	396.552816319
09/05/2013	00:00:18	349115	469.798101425
10/05/2013	00:04:57	349856	469.798101425
11/05/2013	00:05:04	350596	469.798101425
12/05/2013	00:00:04	351222	596.887353731
13/05/2013	00:00:02	351837	596.887353731
14/05/2013	00:01:10	352414	596.887353731
15/05/2013	00:00:05	353005	605.517591217
16/05/2013	00:02:06	353563	605.517591217
17/05/2013	00:00:00	354133	605.517591217
18/05/2013	00:00:45	354667	605.517591217
19/05/2013	00:04:12	355218	593.046786455
20/05/2013	00:03:37	355761	593.046786455
21/05/2013	00:00:27	356309	593.046786455
22/05/2013	00:00:25	356847	558.121788209
23/05/2013	00:10:02	357405	558.121788209
24/05/2013	00:01:33	358024	558.121788209
25/05/2013	00:00:08	358680	558.121788209
26/05/2013	00:00:18	359307	595.65349676
27/05/2013	00:17:27	359877	595.65349676
28/05/2013	00:01:14	360437	595.65349676
29/05/2013	00:03:19	361020	602.338242187
30/05/2013	00:05:14	361609	602.338242187
31/05/2013	00:03:58	362223	602.338242187
01/06/2013	00:00:16	362823	602.338242187
02/06/2013	00:00:14	363391	623.170421203
03/06/2013	00:02:07	363958	623.170421203
04/06/2013	00:02:09	364519	623.170421203
05/06/2013	00:01:19	365058	604.602539698
06/06/2013	00:03:55	365660	604.602539698
07/06/2013	00:00:18	366247	604.602539698
08/06/2013	00:01:40	366905	604.602539698
09/06/2013	00:04:59	367552	638.533067923
10/06/2013	00:01:19	368106	638.533067923
11/06/2013	00:00:36	368680	638.533067923
12/06/2013	00:01:41	369243	650.534914
13/06/2013	00:03:41	369880	650.534914
14/06/2013	00:00:17	370499	650.534914
15/06/2013	00:00:01	371147	713.051982097
16/06/2013	00:01:06	371613	713.051982097
17/06/2013	00:09:51	372089	713.051982097
18/06/2013	00:02:42	372611	713.051982097
19/06/2013	00:00:18	373230	633.77004113
20/06/2013	00:00:40	373951	633.77004113
21/06/2013	00:00:46	374638	633.77004113
22/06/2013	00:00:19	375224	746.363892609
23/06/2013	00:00:17	375775	746.363892609
24/06/2013	00:02:09	376406	746.363892609
25/06/2013	00:00:48	377030	769.714967759
26/06/2013	00:01:28	377587	769.714967759
27/06/2013	00:00:05	378237	769.714967759
28/06/2013	00:00:40	378857	769.714967759
29/06/2013	00:02:38	379448	808.548893571
30/06/2013	00:02:42	380062	808.548893571
01/07/2013	00:03:41	380624	808.548893571
02/07/2013	00:00:27	381249	841.46756083
03/07/2013	00:02:54	381883	841.46756083
04/07/2013	00:02:54	382485	841.46756083
05/07/2013	00:02:35	383108	909.30145843
06/07/2013	00:05:01	383620	909.30145843
07/07/2013	00:02:10	384135	909.30145843
08/07/2013	00:00:28	384712	909.30145843
09/07/2013	00:01:07	385371	874.072792086
10/07/2013	00:02:24	385999	874.072792086
11/07/2013	00:01:15	386591	874.072792086
12/07/2013	00:02:08	387164	923.145420761
13/07/2013	00:02:34	387704	923.145420761
14/07/2013	00:07:30	388243	923.145420761
15/07/2013	00:01:13	388789	923.145420761
16/07/2013	00:02:27	389430	883.756464482
17/07/2013	00:02:10	390056	883.756464482
18/07/2013	00:05:56	390682	883.756464482
19/07/2013	00:03:02	391276	957.507489686
20/07/2013	00:00:04	391805	957.507489686
21/07/2013	00:06:07	392358	957.507489686
22/07/2013	00:00:21	392872	957.507489686
23/07/2013	00:00:04	393417	894.198168007
24/07/2013	00:00:34	394028	894.198168007
25/07/2013	00:01:11	394633	894.198168007
26/07/2013	00:01:50	395184	912.986420318
27/07/2013	00:03:37	395801	912.986420318
28/07/2013	00:03:01	396337	912.986420318
29/07/2013	00:00:29	396896	912.986420318
30/07/2013	00:01:09	397443	892.55283431
31/07/2013	00:01:34	398000	892.55283431
01/08/2013	00:07:29	398497	892.55283431
02/08/2013	00:05:12	399018	892.55283431
03/08/2013	00:00:19	399578	821.925485344
04/08/2013	00:00:57	400146	821.925485344
05/08/2013	00:02:06	400705	821.925485344
06/08/2013	00:00:16	401359	838.419456305
07/08/2013	00:02:07	401951	838.419456305
08/08/2013	00:01:46	402561	838.419456305
09/08/2013	00:09:50	403145	838.419456305
10/08/2013	00:07:34	403724	867.764033096
11/08/2013	00:01:05	404233	867.764033096
12/08/2013	00:00:12	404823	867.764033096
13/08/2013	00:00:11	405445	851.447595126
14/08/2013	00:00:40	406057	851.447595126
15/08/2013	00:00:57	406669	851.447595126
16/08/2013	00:01:47	407279	913.236072353
17/08/2013	00:01:23	407809	913.236072353
18/08/2013	00:00:36	408357	913.236072353
19/08/2013	00:01:33	408894	913.236072353
20/08/2013	00:02:30	409503	867.944658017
21/08/2013	00:03:46	410121	867.944658017
22/08/2013	00:09:20	410776	867.944658017
23/08/2013	00:03:12	411442	978.607706729
24/08/2013	00:03:25	412029	978.607706729
25/08/2013	00:07:20	412648	978.607706729
26/08/2013	00:03:23	413164	978.607706729
27/08/2013	00:02:48	413695	969.439226959
28/08/2013	00:04:36	414231	969.439226959
29/08/2013	00:01:34	414768	969.439226959
30/08/2013	00:02:12	415377	934.765736254
31/08/2013	00:00:33	416049	934.765736254
01/09/2013	00:00:09	416754	934.765736254
02/09/2013	00:00:41	417401	1102.3148011
03/09/2013	00:02:37	417846	1102.3148011
04/09/2013	00:05:01	418349	1102.3148011
05/09/2013	00:00:01	418803	1102.3148011
06/09/2013	00:00:29	419370	938.983430444
07/09/2013	00:00:02	420116	938.983430444
08/09/2013	00:02:39	420801	938.983430444
09/09/2013	00:04:31	421407	1128.62544992
10/09/2013	00:04:24	421881	1128.62544992
11/09/2013	00:00:20	422342	1128.62544992
12/09/2013	00:01:30	422837	1128.62544992
13/09/2013	00:00:30	423400	970.079699686
14/09/2013	00:01:19	423953	970.079699686
15/09/2013	00:03:10	424626	970.079699686
16/09/2013	00:01:30	425261	970.079699686
17/09/2013	00:00:41	425859	1032.73738415
18/09/2013	00:00:58	426488	1032.73738415
19/09/2013	00:01:58	427103	1032.73738415
20/09/2013	00:03:47	427708	1120.62353494
21/09/2013	00:02:01	428237	1120.62353494
22/09/2013	00:03:47	428789	1120.62353494
23/09/2013	00:00:28	429346	1120.62353494
24/09/2013	00:03:30	429970	1066.50837781
25/09/2013	00:03:21	430543	1066.50837781
26/09/2013	00:00:56	431218	1066.50837781
27/09/2013	00:02:14	431769	1169.85315079
28/09/2013	00:08:39	432319	1169.85315079
29/09/2013	00:04:10	432854	1169.85315079
30/09/2013	00:01:58	433363	1169.85315079
01/10/2013	00:00:03	433913	1064.33164887
02/10/2013	00:02:40	434477	1064.33164887
03/10/2013	00:01:13	435068	1064.33164887
04/10/2013	00:08:42	435649	1060.94607924
05/10/2013	00:04:51	436225	1060.94607924
06/10/2013	00:00:53	436756	1060.94607924
07/10/2013	00:03:54	437332	1060.94607924
08/10/2013	00:03:29	437913	1040.89584526
09/10/2013	00:03:28	438494	1040.89584526
10/10/2013	00:05:44	439032	1040.89584526
11/10/2013	00:00:11	439589	1014.14397443
12/10/2013	00:03:38	440133	1014.14397443
13/10/2013	00:00:36	440690	1014.14397443
14/10/2013	00:00:32	441267	1014.14397443
15/10/2013	00:01:53	441869	989.562186478
16/10/2013	00:13:01	442514	989.562186478
17/10/2013	00:01:40	443109	989.562186478
18/10/2013	00:01:19	443639	1031.64688478
19/10/2013	00:02:13	444247	1031.64688478
20/10/2013	00:15:11	444867	1031.64688478
21/10/2013	00:05:42	445411	1031.64688478
22/10/2013	00:03:35	445968	1054.49798732
23/10/2013	00:02:02	446506	1054.49798732
24/10/2013	00:00:53	447045	1054.49798732
25/10/2013	00:01:08	447646	1003.61068829
26/10/2013	00:00:59	448293	1003.61068829
27/10/2013	00:02:05	448926	1003.61068829
28/10/2013	00:01:00	449615	1156.51640137
29/10/2013	00:02:42	450208	1156.51640137
30/10/2013	00:00:45	450765	1156.51640137
31/10/2013	00:01:09	451269	1156.51640137
01/11/2013	00:01:43	451789	1080.35232114
02/11/2013	00:00:18	452345	1080.35232114
03/11/2013	00:00:12	452862	1080.35232114
04/11/2013	00:04:04	453470	1080.35232114
05/11/2013	00:00:43	454092	1057.11629308
06/11/2013	00:01:03	454678	1057.11629308
07/11/2013	00:00:16	455266	1057.11629308
08/11/2013	00:07:14	455876	1113.26182029
09/11/2013	00:00:15	456527	1113.26182029
10/11/2013	00:06:54	457192	1113.26182029
11/11/2013	00:07:35	457823	1259.79679702
12/11/2013	00:04:29	458417	1259.79679702
13/11/2013	00:03:36	458973	1259.79679702
14/11/2013	00:03:46	459527	1259.79679702
15/11/2013	00:00:35	460110	1238.06922507
16/11/2013	00:03:26	460723	1238.06922507
17/11/2013	00:03:16	461334	1238.06922507
18/11/2013	00:00:12	461951	1311.25502647
19/11/2013	00:01:54	462558	1311.25502647
20/11/2013	00:03:30	463223	1311.25502647
21/11/2013	00:04:57	463836	1429.04258944
22/11/2013	00:07:17	464436	1429.04258944
23/11/2013	00:06:50	465001	1429.04258944
24/11/2013	00:02:32	465634	1429.04258944
25/11/2013	00:01:53	466237	1486.12414801
26/11/2013	00:03:04	466842	1486.12414801
27/11/2013	00:01:10	467412	1486.12414801
28/11/2013	00:00:21	468008	1522.6087795
29/11/2013	00:00:49	468686	1522.6087795
30/11/2013	00:02:27	469353	1522.6087795
01/12/2013	00:01:30	469978	1734.16053808
02/12/2013	00:00:21	470614	1734.16053808
03/12/2013	00:00:03	471288	1734.16053808
04/12/2013	00:04:37	471954	1964.83427079
05/12/2013	00:09:30	472556	1964.83427079
06/12/2013	00:04:17	473187	1964.83427079
07/12/2013	00:00:00	473900	2218.89256388
08/12/2013	00:02:06	474578	2218.89256388
09/12/2013	00:03:35	475282	2218.89256388
10/12/2013	00:03:37	475975	2694.72027285
11/12/2013	00:00:43	476550	2694.72027285
12/12/2013	00:02:46	477201	2694.72027285
13/12/2013	00:00:12	477864	2926.50971494
14/12/2013	00:06:55	478441	2926.50971494
15/12/2013	00:00:00	479101	2926.50971494
16/12/2013	00:02:24	479695	2926.50971494
17/12/2013	00:01:06	480280	3094.46568631
18/12/2013	00:03:44	480899	3094.46568631
19/12/2013	00:02:31	481532	3094.46568631
20/12/2013	00:02:01	482078	3231.18329466
21/12/2013	00:01:40	482586	3231.18329466
22/12/2013	00:07:03	483125	3231.18329466
23/12/2013	00:03:17	483634	3231.18329466
24/12/2013	00:00:05	484182	2919.59659021
25/12/2013	00:01:34	484712	2919.59659021
26/12/2013	00:01:04	485283	2919.59659021
27/12/2013	00:01:05	485857	2849.5463246
28/12/2013	00:00:43	486506	2849.5463246
29/12/2013	00:01:09	487176	2849.5463246
30/12/2013	00:01:44	487773	2849.5463246
31/12/2013	00:01:41	488385	3167.54892482
01/01/2014	00:02:20	488961	3167.54892482
02/01/2014	00:04:58	489534	3167.54892482
03/01/2014	00:04:23	490093	3195.34039523
04/01/2014	00:00:43	490673	3195.34039523
05/01/2014	00:00:09	491324	3195.34039523
06/01/2014	00:02:38	491935	3366.69409729
07/01/2014	00:01:08	492574	3366.69409729
08/01/2014	00:05:19	493213	3366.69409729
09/01/2014	00:01:08	493900	3366.69409729
10/01/2014	00:00:29	494486	3814.96741437
11/01/2014	00:00:37	495096	3814.96741437
12/01/2014	00:03:31	495668	3814.96741437
13/01/2014	00:01:04	496267	3891.34232183
14/01/2014	00:01:34	496826	3891.34232183
15/01/2014	00:01:25	497368	3891.34232183
16/01/2014	00:01:06	497988	3931.59487261
17/01/2014	00:00:53	498524	3931.59487261
18/01/2014	00:01:18	499139	3931.59487261
19/01/2014	00:00:22	499761	3931.59487261
20/01/2014	00:00:29	500323	3998.22171415
21/01/2014	00:00:28	500868	3998.22171415
22/01/2014	00:00:10	501303	3998.22171415
23/01/2014	00:06:19	501670	3998.22171415
24/01/2014	00:02:45	502064	3130.08003568
25/01/2014	00:01:19	502559	3130.08003568
26/01/2014	00:05:14	503040	3130.08003568
27/01/2014	00:00:37	503445	3130.08003568
28/01/2014	00:01:27	503867	3130.08003568
29/01/2014	00:00:43	504529	2458.37650711
30/01/2014	00:00:10	505312	2458.37650711
31/01/2014	00:01:00	506067	3300.23172075
01/02/2014	00:01:23	506565	3300.23172075
02/02/2014	00:00:06	507057	3300.23172075
03/02/2014	00:06:59	507537	3300.23172075
04/02/2014	00:00:20	508034	2820.26629964
05/02/2014	00:02:03	508752	2820.26629964
06/02/2014	00:00:19	509490	2820.26629964
07/02/2014	00:07:31	510131	3507.70304307
08/02/2014	00:01:57	510612	3507.70304307
09/02/2014	00:05:08	511079	3507.70304307
10/02/2014	00:00:46	511522	3507.70304307
11/02/2014	00:02:19	511932	3507.70304307
12/02/2014	00:02:09	512425	2674.36329706
13/02/2014	00:00:55	512962	2674.36329706
14/02/2014	00:03:42	513505	2674.36329706
15/02/2014	00:02:42	514160	2690.1091038
16/02/2014	00:00:27	514826	2690.1091038
17/02/2014	00:01:10	515545	2690.1091038
18/02/2014	00:07:54	516195	3206.90479195
19/02/2014	00:04:37	516676	3206.90479195
20/02/2014	00:02:30	517180	3206.90479195
21/02/2014	00:07:00	517709	3206.90479195
22/02/2014	00:09:52	518322	2870.80274026
23/02/2014	00:01:30	518910	2870.80274026
24/02/2014	00:06:15	519618	2870.80274026
25/02/2014	00:00:25	520240	3322.41701116
26/02/2014	00:02:07	520829	3322.41701116
27/02/2014	00:01:18	521386	3322.41701116
28/02/2014	00:00:48	521902	3322.41701116
01/03/2014	00:00:08	522531	3145.27762562
02/03/2014	00:01:12	523150	3145.27762562
03/03/2014	00:01:09	523850	3145.27762562
04/03/2014	00:05:12	524438	3636.52061264
05/03/2014	00:01:00	525032	3636.52061264
06/03/2014	00:00:38	525685	3636.52061264
07/03/2014	00:00:53	526372	3921.63289755
08/03/2014	00:00:45	527027	3921.63289755
09/03/2014	00:00:58	527720	3921.63289755
10/03/2014	00:09:50	528370	4737.88448343
11/03/2014	00:04:49	528923	4737.88448343
12/03/2014	00:05:27	529505	4737.88448343
13/03/2014	00:00:49	530116	4737.88448343
14/03/2014	00:03:15	530739	4719.39221189
15/03/2014	00:01:00	531361	4719.39221189
16/03/2014	00:09:00	532005	4719.39221189
17/03/2014	00:01:20	532610	5162.39593538
18/03/2014	00:00:44	533204	5162.39593538
19/03/2014	00:01:06	533898	5162.39593538
20/03/2014	00:02:00	534556	5735.89666335
21/03/2014	00:05:30	535111	5735.89666335
22/03/2014	00:05:30	535688	5735.89666335
23/03/2014	00:04:25	536311	5835.41677649
24/03/2014	00:01:09	536848	5835.41677649
25/03/2014	00:04:26	537369	5835.41677649
26/03/2014	00:01:26	537889	5835.41677649
27/03/2014	00:03:39	538471	5421.00768677
28/03/2014	00:01:36	539068	5421.00768677
29/03/2014	00:00:05	539686	5421.00768677
30/03/2014	00:00:02	540275	5421.00768677
31/03/2014	00:00:54	540828	5677.02445737
01/04/2014	00:01:02	541402	5677.02445737
02/04/2014	00:00:17	542006	5677.02445737
03/04/2014	00:00:51	542619	5746.34909167
04/04/2014	00:05:06	543234	5746.34909167
05/04/2014	00:00:16	543874	5746.34909167
06/04/2014	00:00:29	544468	6190.45676382
07/04/2014	00:01:00	544986	6190.45676382
08/04/2014	00:12:59	545519	6190.45676382
09/04/2014	00:03:27	546064	6190.45676382
10/04/2014	00:00:04	546668	5808.74098238
11/04/2014	00:00:39	547266	5808.74098238
12/04/2014	00:00:10	547830	5808.74098238
13/04/2014	00:02:01	548396	5895.58165808
14/04/2014	00:00:54	548931	5895.58165808
15/04/2014	00:04:43	549502	5895.58165808
16/04/2014	00:02:46	550097	5895.58165808
17/04/2014	00:00:11	550642	5788.43332704
18/04/2014	00:00:40	551194	5788.43332704
19/04/2014	00:02:45	551707	5788.43332704
20/04/2014	00:04:13	552184	5788.43332704
21/04/2014	00:07:20	552738	5162.4393715
22/04/2014	00:00:36	553291	5162.4393715
23/04/2014	00:00:28	553883	5162.4393715
24/04/2014	00:00:55	554485	5252.6294445
25/04/2014	00:00:41	555146	5252.6294445
26/04/2014	00:05:26	555787	5252.6294445
27/04/2014	00:05:16	556486	6049.85612423
28/04/2014	00:00:47	557118	6049.85612423
29/04/2014	00:08:43	557783	6049.85612423
30/04/2014	00:02:56	558497	7092.68051656
01/05/2014	00:12:59	559086	7092.68051656
02/05/2014	00:01:20	559647	7092.68051656
03/05/2014	00:02:00	560274	7092.68051656
04/05/2014	00:02:33	560873	7338.31295246
05/05/2014	00:07:46	561443	7338.31295246
06/05/2014	00:00:07	562007	7338.31295246
07/05/2014	00:02:22	562536	7126.18490674
08/05/2014	00:02:14	563084	7126.18490674
09/05/2014	00:01:56	563596	7126.18490674
10/05/2014	00:04:47	564179	7126.18490674
11/05/2014	00:06:43	564754	6814.90293896
12/05/2014	00:02:25	565362	6814.90293896
13/05/2014	00:02:13	566000	6814.90293896
14/05/2014	00:00:29	566592	7292.46025561
15/05/2014	00:07:08	567236	7292.46025561
16/05/2014	00:00:01	567861	7292.46025561
17/05/2014	00:00:23	568465	7292.46025561
18/05/2014	00:01:30	569056	7740.13764965
19/05/2014	00:01:47	569614	7740.13764965
20/05/2014	00:00:25	570207	7740.13764965
21/05/2014	00:01:24	570791	7877.6339045
22/05/2014	00:01:23	571324	7877.6339045
23/05/2014	00:02:06	571892	7877.6339045
24/05/2014	00:00:28	572437	7877.6339045
25/05/2014	00:04:32	573060	7455.65003645
26/05/2014	00:03:39	573670	7455.65003645
27/05/2014	00:00:26	574371	7455.65003645
28/05/2014	00:05:39	574992	8549.63732385
29/05/2014	00:01:13	575536	8549.63732385
30/05/2014	00:01:58	576181	8549.63732385
31/05/2014	00:00:32	576819	8900.52069755
01/06/2014	00:04:50	577407	8900.52069755
02/06/2014	00:00:18	577977	8900.52069755
03/06/2014	00:01:05	578558	8900.52069755
04/06/2014	00:00:48	579208	9116.38409829
05/06/2014	00:08:10	579852	9116.38409829
06/06/2014	00:00:55	580432	9116.38409829
07/06/2014	00:02:18	581052	9986.19283675
08/06/2014	00:05:12	581656	9986.19283675
09/06/2014	00:04:04	582277	9986.19283675
10/06/2014	00:10:01	582935	10763.1397511
11/06/2014	00:00:39	583510	10763.1397511
12/06/2014	00:01:27	584025	10763.1397511
13/06/2014	00:02:18	584556	10763.1397511
14/06/2014	00:10:24	585104	10307.9291509
15/06/2014	00:01:04	585711	10307.9291509
16/06/2014	00:01:08	586373	10307.9291509
17/06/2014	00:00:56	586984	10886.2876783
18/06/2014	00:00:17	587599	10886.2876783
19/06/2014	00:00:25	588242	10886.2876783
20/06/2014	00:05:17	588932	12094.7715599
21/06/2014	00:03:43	589552	12094.7715599
22/06/2014	00:01:20	590117	12094.7715599
23/06/2014	00:04:31	590688	12495.6773568
24/06/2014	00:07:46	591302	12495.6773568
25/06/2014	00:00:03	591897	12495.6773568
26/06/2014	00:00:32	592510	12495.6773568
27/06/2014	00:00:30	593108	13132.5292393
28/06/2014	00:01:38	593745	13132.5292393
29/06/2014	00:00:36	594411	13132.5292393
30/06/2014	00:00:38	594975	14492.6177404
01/07/2014	00:03:16	595589	14492.6177404
02/07/2014	00:01:17	596199	14492.6177404
03/07/2014	00:02:42	596819	15070.9412272
04/07/2014	00:00:16	597452	15070.9412272
05/07/2014	00:03:05	598085	15070.9412272
06/07/2014	00:07:36	598722	15070.9412272
07/07/2014	00:00:07	599336	16584.8734771
08/07/2014	00:01:44	599987	16584.8734771
09/07/2014	00:00:33	600690	16584.8734771
10/07/2014	00:01:25	601312	18940.1300041
11/07/2014	00:00:04	601930	18940.1300041
12/07/2014	00:03:39	602549	18940.1300041
13/07/2014	00:00:50	603110	20239.3040725
14/07/2014	00:05:20	603713	20239.3040725
15/07/2014	00:01:38	604282	20239.3040725
16/07/2014	00:00:00	604869	20232.6299723
17/07/2014	00:01:17	605448	20232.6299723
18/07/2014	00:02:21	606077	20232.6299723
19/07/2014	00:00:39	606745	20232.6299723
20/07/2014	00:00:37	607323	22149.1725973
21/07/2014	00:00:33	607864	22149.1725973
22/07/2014	00:02:35	608431	22149.1725973
23/07/2014	00:00:41	608989	21219.9751975
24/07/2014	00:00:53	609612	21219.9751975
25/07/2014	00:04:21	610236	21219.9751975
26/07/2014	00:00:14	610842	21219.9751975
27/07/2014	00:01:13	611453	22724.5884083
28/07/2014	00:00:31	612060	22724.5884083
29/07/2014	00:01:24	612686	22724.5884083
30/07/2014	00:02:57	613296	24337.0303044
31/07/2014	00:04:52	613859	24337.0303044
01/08/2014	00:01:41	614469	24337.0303044
02/08/2014	00:02:14	615049	24978.7821475
03/08/2014	00:00:02	615594	24978.7821475
04/08/2014	00:00:06	616180	24978.7821475
05/08/2014	00:01:16	616741	24978.7821475
06/08/2014	00:02:21	617334	24425.055505
07/08/2014	00:01:07	617948	24425.055505
08/08/2014	00:00:20	618603	24425.055505
09/08/2014	00:00:54	619240	26823.5213
10/08/2014	00:01:07	619858	26823.5213
11/08/2014	00:00:08	620447	26823.5213
12/08/2014	00:06:19	621053	27968.1550363
13/08/2014	00:01:20	621633	27968.1550363
14/08/2014	00:06:15	622217	27968.1550363
15/08/2014	00:03:34	622844	27968.1550363
16/08/2014	00:04:06	623408	29290.3442632
17/08/2014	00:00:02	623993	29290.3442632
18/08/2014	00:05:34	624548	29290.3442632
19/08/2014	00:00:13	625087	28093.8385761
20/08/2014	00:00:22	625627	28093.8385761
21/08/2014	00:00:18	626202	28093.8385761
22/08/2014	00:01:30	626807	28093.8385761
23/08/2014	00:01:35	627417	28130.8244911
24/08/2014	00:01:09	627990	28130.8244911
25/08/2014	00:05:38	628551	28130.8244911
26/08/2014	00:02:20	629130	28471.718286
27/08/2014	00:00:23	629689	28471.718286
28/08/2014	00:16:37	630258	28471.718286
29/08/2014	00:01:44	630834	28471.718286
30/08/2014	00:03:36	631388	28073.2716731
31/08/2014	00:03:34	631923	28073.2716731
01/09/2014	00:15:57	632496	28073.2716731
02/09/2014	00:02:12	633068	27024.1981275
03/09/2014	00:05:26	633686	27024.1981275
04/09/2014	00:03:09	634272	27024.1981275
05/09/2014	00:01:57	634818	27024.1981275
06/09/2014	00:03:00	635382	27799.2566846
07/09/2014	00:00:01	635978	27799.2566846
08/09/2014	00:01:02	636580	27799.2566846
09/09/2014	00:01:10	637175	28123.6405068
10/09/2014	00:00:48	637760	28123.6405068
11/09/2014	00:01:15	638309	28123.6405068
12/09/2014	00:01:13	638902	28123.6405068
13/09/2014	00:05:16	639531	28322.6399019
14/09/2014	00:02:00	640197	28322.6399019
15/09/2014	00:03:08	640878	28322.6399019
16/09/2014	00:00:19	641508	33030.3375401
17/09/2014	00:01:17	642114	33030.3375401
18/09/2014	00:00:13	642696	33030.3375401
19/09/2014	00:01:51	643243	33202.9543961
20/09/2014	00:00:06	643786	33202.9543961
21/09/2014	00:04:53	644334	33202.9543961
22/09/2014	00:02:17	644890	33202.9543961
23/09/2014	00:02:41	645478	32135.9224231
24/09/2014	00:10:33	646084	32135.9224231
25/09/2014	00:02:06	646750	32135.9224231
26/09/2014	00:00:03	647365	34786.6727143
27/09/2014	00:05:26	647947	34786.6727143
28/09/2014	00:01:08	648525	34786.6727143
29/09/2014	00:00:33	649119	34786.6727143
30/09/2014	00:00:30	649702	35348.4038123
01/10/2014	00:01:07	650270	35348.4038123
02/10/2014	00:04:02	650899	35348.4038123
03/10/2014	00:00:24	651464	36220.3611156
04/10/2014	00:00:01	652084	36220.3611156
05/10/2014	00:00:35	652677	36220.3611156
06/10/2014	00:00:24	653245	37011.2954681
07/10/2014	00:02:18	653815	37011.2954681
08/10/2014	00:00:07	654329	37011.2954681
09/10/2014	00:01:32	654857	37011.2954681
10/10/2014	00:04:05	655443	35178.7379595
11/10/2014	00:00:48	656055	35178.7379595
12/10/2014	00:00:16	656666	35178.7379595
13/10/2014	00:09:20	657265	36726.1403749
14/10/2014	00:00:57	657827	36726.1403749
15/10/2014	00:01:02	658342	36726.1403749
16/10/2014	00:01:06	658932	36726.1403749
17/10/2014	00:01:16	659537	36163.6348021
18/10/2014	00:01:33	660118	36163.6348021
19/10/2014	00:00:48	660703	36163.6348021
20/10/2014	00:00:24	661268	36510.4072767
21/10/2014	00:00:26	661837	36510.4072767
22/10/2014	00:13:07	662412	36510.4072767
23/10/2014	00:03:37	662995	36510.4072767
24/10/2014	00:00:58	663607	36691.9409157
25/10/2014	00:00:18	664201	36691.9409157
26/10/2014	00:00:32	664767	36691.9409157
27/10/2014	00:03:20	665375	37708.6469354
28/10/2014	00:01:19	665941	37708.6469354
29/10/2014	00:01:26	666572	37708.6469354
30/10/2014	00:00:20	667205	37708.6469354
31/10/2014	00:00:45	667737	39642.0756493
01/11/2014	00:00:58	668289	39642.0756493
02/11/2014	00:00:54	668826	39642.0756493
03/11/2014	00:01:32	669407	37760.0337606
04/11/2014	00:01:49	670011	37760.0337606
05/11/2014	00:03:28	670606	37760.0337606
06/11/2014	00:00:17	671272	37760.0337606
07/11/2014	00:06:53	671880	40682.2051301
08/11/2014	00:00:18	672444	40682.2051301
09/11/2014	00:00:15	673030	40682.2051301
10/11/2014	00:08:04	673612	41501.8481548
11/11/2014	00:04:50	674173	41501.8481548
12/11/2014	00:00:46	674790	41501.8481548
13/11/2014	00:00:33	675349	41501.8481548
14/11/2014	00:04:04	675973	41622.5082617
15/11/2014	00:02:43	676597	41622.5082617
16/11/2014	00:00:02	677202	41622.5082617
17/11/2014	00:01:20	677782	44803.8990194
18/11/2014	00:00:06	678440	44803.8990194
19/11/2014	00:03:18	679036	44803.8990194
20/11/2014	00:01:03	679642	46816.0209287
21/11/2014	00:02:23	680230	46816.0209287
22/11/2014	00:07:00	680838	46816.0209287
23/11/2014	00:00:43	681467	49818.4890559
24/11/2014	00:03:33	682048	49818.4890559
25/11/2014	00:00:47	682662	49818.4890559
26/11/2014	00:03:26	683310	49818.4890559
27/11/2014	00:06:12	683848	52646.5035548
28/11/2014	00:02:43	684430	52646.5035548
29/11/2014	00:00:06	684977	52646.5035548
30/11/2014	00:07:53	685551	51269.5534254
01/12/2014	00:00:09	686134	51269.5534254
02/12/2014	00:11:47	686725	51269.5534254
03/12/2014	00:02:44	687308	51269.5534254
04/12/2014	00:01:31	687894	52190.9998542
05/12/2014	00:01:09	688465	52190.9998542
06/12/2014	00:00:17	689007	52190.9998542
07/12/2014	00:03:46	689588	51485.2764325
08/12/2014	00:00:00	690224	51485.2764325
09/12/2014	00:01:07	690880	51485.2764325
10/12/2014	00:00:13	691498	56650.5099322
11/12/2014	00:02:10	692058	56650.5099322
12/12/2014	00:01:26	692611	56650.5099322
13/12/2014	00:08:03	693196	56650.5099322
14/12/2014	00:01:00	693795	56132.967731
15/12/2014	00:00:47	694380	56132.967731
16/12/2014	00:04:59	694951	56132.967731
17/12/2014	00:02:55	695538	56938.9070662
18/12/2014	00:02:32	696102	56938.9070662
19/12/2014	00:04:54	696650	56938.9070662
20/12/2014	00:00:47	697206	56938.9070662
21/12/2014	00:01:09	697737	54137.644612
22/12/2014	00:00:26	698292	54137.644612
23/12/2014	00:01:07	698855	54137.644612
24/12/2014	00:01:24	699390	54137.644612
25/12/2014	00:00:48	700032	52357.0572101
26/12/2014	00:08:28	700709	52357.0572101
27/12/2014	00:01:10	701310	52357.0572101
28/12/2014	00:00:13	701924	58966.7439178
29/12/2014	00:04:07	702483	58966.7439178
30/12/2014	00:07:01	702972	58966.7439178
31/12/2014	00:09:18	703517	58966.7439178
01/01/2015	00:04:52	704045	54623.057435
02/01/2015	00:01:38	704610	54623.057435
03/01/2015	00:01:14	705197	54623.057435
04/01/2015	00:01:39	705777	53495.0272775
05/01/2015	00:04:17	706323	53495.0272775
06/01/2015	00:02:43	706840	53495.0272775
07/01/2015	00:05:29	707378	53495.0272775
08/01/2015	00:01:36	707860	49199.8597858
09/01/2015	00:01:16	708417	49199.8597858
10/01/2015	00:00:17	709003	49199.8597858
11/01/2015	00:00:42	709566	49199.8597858
12/01/2015	00:00:00	710111	47686.1608154
13/01/2015	00:00:01	710683	47686.1608154
14/01/2015	00:01:29	711188	47686.1608154
15/01/2015	00:00:07	711731	44782.4094426
16/01/2015	00:03:21	712234	44782.4094426
17/01/2015	00:03:49	712726	44782.4094426
18/01/2015	00:03:43	713268	44782.4094426
19/01/2015	00:00:41	713814	40358.7904302
20/01/2015	00:04:32	714360	40358.7904302
21/01/2015	00:04:44	714954	40358.7904302
22/01/2015	00:01:25	715495	40358.7904302
23/01/2015	00:01:06	716124	39702.5408359
24/01/2015	00:00:11	716730	39702.5408359
25/01/2015	00:02:14	717323	39702.5408359
26/01/2015	00:00:25	717934	42151.0973276
27/01/2015	00:04:00	718517	42151.0973276
28/01/2015	00:01:53	719125	42151.0973276
29/01/2015	00:02:26	719700	42151.0973276
30/01/2015	00:04:18	720278	43057.0908982
31/01/2015	00:03:18	720864	43057.0908982
01/02/2015	00:00:36	721430	43057.0908982
02/02/2015	00:01:49	722016	43001.0488691
03/02/2015	00:00:11	722595	43001.0488691
04/02/2015	00:06:26	723174	43001.0488691
05/02/2015	00:03:54	723707	43001.0488691
06/02/2015	00:02:47	724260	42385.7114942
07/02/2015	00:00:11	724846	42385.7114942
08/02/2015	00:01:44	725414	42385.7114942
09/02/2015	00:07:41	725979	41903.9334985
10/02/2015	00:01:30	726498	41903.9334985
11/02/2015	00:01:26	727053	41903.9334985
12/02/2015	00:02:03	727638	41903.9334985
13/02/2015	00:00:10	728254	40795.4270082
14/02/2015	00:05:10	728813	40795.4270082
15/02/2015	00:00:15	729438	40795.4270082
16/02/2015	00:00:35	730010	41941.9904102
17/02/2015	00:00:40	730570	41941.9904102
18/02/2015	00:03:16	731116	41941.9904102
19/02/2015	00:00:59	731694	41941.9904102
20/02/2015	00:04:33	732228	40802.0155422
21/02/2015	00:03:15	732794	40802.0155422
22/02/2015	00:09:58	733394	40802.0155422
23/02/2015	00:03:24	733996	40605.2807926
24/02/2015	00:01:06	734558	40605.2807926
25/02/2015	00:07:01	735156	40605.2807926
26/02/2015	00:03:00	735737	40605.2807926
27/02/2015	00:03:36	736266	41264.2003017
28/02/2015	00:05:00	736841	41264.2003017
01/03/2015	00:03:57	737422	41264.2003017
02/03/2015	00:01:28	737997	40278.5497515
03/03/2015	00:01:56	738535	40278.5497515
04/03/2015	00:02:35	739115	40278.5497515
05/03/2015	00:00:44	739675	40278.5497515
06/03/2015	00:04:21	740195	39081.1556275
07/03/2015	00:03:08	740769	39081.1556275
08/03/2015	00:02:31	741356	39081.1556275
09/03/2015	00:03:05	741959	38801.172283
10/03/2015	00:05:40	742565	38801.172283
11/03/2015	00:00:20	743205	38801.172283
12/03/2015	00:05:16	743808	38801.172283
13/03/2015	00:00:11	744366	41676.2256681
14/03/2015	00:01:32	744942	41676.2256681
15/03/2015	00:06:21	745541	41676.2256681
16/03/2015	00:01:45	746065	40765.6114507
17/03/2015	00:01:50	746638	40765.6114507
18/03/2015	00:01:59	747143	40765.6114507
19/03/2015	00:00:55	747587	40765.6114507
20/03/2015	00:09:45	748027	34843.1152648
21/03/2015	00:00:32	748555	34843.1152648
22/03/2015	00:00:00	749218	34843.1152648
23/03/2015	00:01:19	749873	34843.1152648
24/03/2015	00:00:31	750500	37086.719801
25/03/2015	00:00:27	751115	37086.719801
26/03/2015	00:04:48	751776	37086.719801
27/03/2015	00:01:39	752373	41040.2362137
28/03/2015	00:00:16	752947	41040.2362137
29/03/2015	00:00:31	753536	41040.2362137
30/03/2015	00:03:26	754141	41342.0520373
31/03/2015	00:00:50	754731	41342.0520373
01/04/2015	00:00:09	755313	41342.0520373
02/04/2015	00:02:04	755846	41342.0520373
03/04/2015	00:01:37	756375	40972.1131409
04/04/2015	00:00:07	757004	40972.1131409
05/04/2015	00:04:52	757589	40972.1131409
06/04/2015	00:01:26	758174	41885.9521348
07/04/2015	00:01:44	758731	41885.9521348
08/04/2015	00:04:05	759320	41885.9521348
09/04/2015	00:02:08	759922	41885.9521348
10/04/2015	00:01:18	760471	42293.8853164
11/04/2015	00:04:25	761041	42293.8853164
12/04/2015	00:01:51	761606	42293.8853164
13/04/2015	00:04:45	762218	41591.8747276
14/04/2015	00:04:49	762752	41591.8747276
15/04/2015	00:00:04	763295	41591.8747276
16/04/2015	00:00:06	763913	41591.8747276
17/04/2015	00:05:34	764530	41520.7053364
18/04/2015	00:05:16	765066	41520.7053364
19/04/2015	00:02:48	765620	41520.7053364
20/04/2015	00:02:39	766175	40469.4541446
21/04/2015	00:06:23	766799	40469.4541446
22/04/2015	00:00:51	767391	40469.4541446
23/04/2015	00:00:31	767973	40469.4541446
24/04/2015	00:00:58	768527	41954.2815837
25/04/2015	00:00:52	769049	41954.2815837
26/04/2015	00:01:53	769626	41954.2815837
27/04/2015	00:00:13	770207	40434.0214649
28/04/2015	00:00:39	770763	40434.0214649
29/04/2015	00:01:31	771324	40434.0214649
30/04/2015	00:00:56	771941	40434.0214649
01/05/2015	00:00:23	772533	41136.5415781
02/05/2015	00:01:36	773114	41136.5415781
03/05/2015	00:00:03	773666	41136.5415781
04/05/2015	00:00:41	774197	39731.1886326
05/05/2015	00:00:38	774786	39731.1886326
06/05/2015	00:06:31	775313	39731.1886326
07/05/2015	00:06:00	775868	39731.1886326
08/05/2015	00:04:59	776478	38787.1557843
09/05/2015	00:02:10	777106	38787.1557843
10/05/2015	00:02:14	777712	38787.1557843
11/05/2015	00:00:14	778320	41465.7864198
12/05/2015	00:08:54	778843	41465.7864198
13/05/2015	00:02:46	779388	41465.7864198
14/05/2015	00:00:41	779955	41465.7864198
15/05/2015	00:02:53	780544	39268.0322563
16/05/2015	00:02:47	781124	39268.0322563
17/05/2015	00:05:11	781716	39268.0322563
18/05/2015	00:04:06	782281	40424.5071297
19/05/2015	00:00:23	782872	40424.5071297
20/05/2015	00:02:06	783445	40424.5071297
21/05/2015	00:01:38	784056	40424.5071297
22/05/2015	00:01:26	784590	40837.3197935
23/05/2015	00:00:06	785151	40837.3197935
24/05/2015	00:00:31	785694	40837.3197935
25/05/2015	00:03:41	786280	39482.4578047
26/05/2015	00:01:48	786849	39482.4578047
27/05/2015	00:00:26	787409	39482.4578047
28/05/2015	00:10:39	787977	39482.4578047
29/05/2015	00:02:15	788537	38873.5179755
30/05/2015	00:00:31	789070	38873.5179755
31/05/2015	00:03:02	789668	38873.5179755
01/06/2015	00:00:03	790273	38900.6291268
02/06/2015	00:01:59	790853	38900.6291268
03/06/2015	00:04:18	791440	38900.6291268
04/06/2015	00:00:36	792020	38900.6291268
05/06/2015	00:03:30	792621	39384.3409047
06/06/2015	00:02:39	793196	39384.3409047
07/06/2015	00:01:29	793796	39384.3409047
08/06/2015	00:06:17	794382	40258.9167807
09/06/2015	00:00:39	794927	40258.9167807
10/06/2015	00:07:18	795475	40258.9167807
11/06/2015	00:02:30	796039	40258.9167807
12/06/2015	00:04:01	796587	38075.3702128
13/06/2015	00:14:10	797194	38075.3702128
14/06/2015	00:02:37	797748	38075.3702128
15/06/2015	00:00:11	798301	38075.3702128
16/06/2015	00:00:13	798869	38398.764059
17/06/2015	00:02:38	799407	38398.764059
18/06/2015	00:00:06	799981	38398.764059
19/06/2015	00:03:38	800580	37795.2564328
20/06/2015	00:02:07	801161	37795.2564328
21/06/2015	00:03:17	801770	37795.2564328
22/06/2015	00:00:17	802402	39567.9373532
23/06/2015	00:05:41	802989	39567.9373532
24/06/2015	00:04:11	803533	39567.9373532
25/06/2015	00:01:30	804128	39567.9373532
26/06/2015	00:00:05	804759	39668.4377944
27/06/2015	00:00:54	805324	39668.4377944
28/06/2015	00:03:39	805901	39668.4377944
29/06/2015	00:00:34	806547	41691.5989749
30/06/2015	00:17:22	807085	41691.5989749
01/07/2015	00:00:14	807622	41691.5989749
02/07/2015	00:01:00	808221	41691.5989749
03/07/2015	00:00:53	808813	40752.8466918
04/07/2015	00:16:35	809427	40752.8466918
05/07/2015	00:00:02	810027	40752.8466918
06/07/2015	00:00:38	810652	43073.500015
07/07/2015	00:09:24	811242	43073.500015
08/07/2015	00:01:21	811877	43073.500015
09/07/2015	00:00:36	812493	46285.2590741
10/07/2015	00:02:47	813032	46285.2590741
11/07/2015	00:01:34	813573	46285.2590741
12/07/2015	00:00:53	814146	46285.2590741
13/07/2015	00:06:18	814732	44844.1305574
14/07/2015	00:02:34	815334	44844.1305574
15/07/2015	00:00:58	815943	44844.1305574
16/07/2015	00:00:24	816535	46453.9696068
17/07/2015	00:05:33	817092	46453.9696068
18/07/2015	00:00:35	817660	46453.9696068
19/07/2015	00:02:03	818172	46453.9696068
20/07/2015	00:03:02	818683	43799.6059475
21/07/2015	00:00:59	819263	43799.6059475
22/07/2015	00:00:36	819859	43799.6059475
23/07/2015	00:00:06	820459	43799.6059475
24/07/2015	00:02:22	821057	44168.9643966
25/07/2015	00:01:41	821661	44168.9643966
26/07/2015	00:02:48	822261	44168.9643966
27/07/2015	00:02:29	822842	45550.8840998
28/07/2015	00:01:06	823435	45550.8840998
29/07/2015	00:00:36	824030	45550.8840998
30/07/2015	00:00:04	824584	46329.1957197
31/07/2015	00:01:30	825125	46329.1957197
01/08/2015	00:03:33	825730	46329.1957197
02/08/2015	00:02:37	826323	46329.1957197
03/08/2015	00:00:00	826922	46396.7609027
04/08/2015	00:01:20	827529	46396.7609027
05/08/2015	00:00:31	828114	46396.7609027
06/08/2015	00:01:26	828678	47711.588349
07/08/2015	00:06:41	829268	47711.588349
08/08/2015	00:01:22	829815	47711.588349
09/08/2015	00:00:12	830394	47711.588349
10/08/2015	00:00:18	830943	46651.7684629
11/08/2015	00:00:36	831505	46651.7684629
12/08/2015	00:00:08	832067	46651.7684629
13/08/2015	00:06:25	832636	45878.8403444
14/08/2015	00:02:14	833207	45878.8403444
15/08/2015	00:09:41	833757	45878.8403444
16/08/2015	00:00:37	834320	45878.8403444
17/08/2015	00:03:08	834857	44842.7259154
18/08/2015	00:00:40	835442	44842.7259154
19/08/2015	00:03:43	836044	44842.7259154
20/08/2015	00:01:39	836640	45449.1768167
21/08/2015	00:01:23	837211	45449.1768167
22/08/2015	00:01:43	837815	45449.1768167
23/08/2015	00:01:36	838367	45449.1768167
24/08/2015	00:00:06	838928	45223.7734021
25/08/2015	00:06:55	839487	45223.7734021
26/08/2015	00:00:35	840014	45223.7734021
27/08/2015	00:00:10	840531	45223.7734021
28/08/2015	00:07:48	841065	41781.638617
29/08/2015	00:03:30	841592	41781.638617
30/08/2015	00:00:03	842134	41781.638617
31/08/2015	00:06:45	842662	41781.638617
01/09/2015	00:00:12	843249	39229.2957746
02/09/2015	00:02:14	843874	39229.2957746
03/09/2015	00:00:06	844515	39229.2957746
04/09/2015	00:00:10	845076	41831.6930779
05/09/2015	00:05:26	845668	41831.6930779
06/09/2015	00:03:23	846276	41831.6930779
07/09/2015	00:00:13	846871	42838.0670065
08/09/2015	00:01:52	847483	42838.0670065
09/09/2015	00:02:54	848102	42838.0670065
10/09/2015	00:14:01	848725	42838.0670065
11/09/2015	00:08:02	849325	45642.8591468
12/09/2015	00:04:52	849906	45642.8591468
13/09/2015	00:04:44	850413	45642.8591468
14/09/2015	00:00:39	851001	44811.37849
15/09/2015	00:00:43	851633	44811.37849
16/09/2015	00:00:48	852226	44811.37849
17/09/2015	00:00:35	852821	47082.8958562
18/09/2015	00:04:43	853439	47082.8958562
19/09/2015	00:01:06	854008	47082.8958562
20/09/2015	00:00:38	854582	47082.8958562
21/09/2015	00:03:13	855147	47940.0569266
22/09/2015	00:03:35	855703	47940.0569266
23/09/2015	00:03:05	856240	47940.0569266
24/09/2015	00:02:20	856843	46818.0622656
25/09/2015	00:04:30	857424	46818.0622656
26/09/2015	00:02:04	857982	46818.0622656
27/09/2015	00:01:10	858550	46818.0622656
28/09/2015	00:00:23	859110	46410.7991053
29/09/2015	00:03:50	859750	46410.7991053
30/09/2015	00:02:12	860332	46410.7991053
01/10/2015	00:03:20	860931	48262.2035936
02/10/2015	00:03:36	861451	48262.2035936
03/10/2015	00:03:15	862053	48262.2035936
04/10/2015	00:03:57	862628	48262.2035936
05/10/2015	00:06:22	863240	47889.275233
06/10/2015	00:06:07	863851	47889.275233
07/10/2015	00:03:34	864432	47889.275233
08/10/2015	00:01:08	865030	49826.0024595
09/10/2015	00:01:15	865578	49826.0024595
10/10/2015	00:04:40	866126	49826.0024595
11/10/2015	00:00:39	866706	49826.0024595
12/10/2015	00:01:18	867266	48771.894028
13/10/2015	00:04:16	867839	48771.894028
14/10/2015	00:06:39	868419	48771.894028
15/10/2015	00:06:04	868997	48712.1523438
16/10/2015	00:02:21	869551	48712.1523438
17/10/2015	00:00:07	870119	48712.1523438
18/10/2015	00:00:00	870692	48712.1523438
19/10/2015	00:04:20	871241	47133.0153748
20/10/2015	00:00:22	871824	47133.0153748
21/10/2015	00:02:12	872415	47133.0153748
22/10/2015	00:00:03	873057	48978.7973406
23/10/2015	00:00:40	873627	48978.7973406
24/10/2015	00:04:44	874211	48978.7973406
25/10/2015	00:04:16	874789	48978.7973406
26/10/2015	00:02:40	875367	49247.2481682
27/10/2015	00:05:40	875916	49247.2481682
28/10/2015	00:00:39	876548	49247.2481682
29/10/2015	00:02:41	877117	50160.6082478
30/10/2015	00:04:41	877675	50160.6082478
31/10/2015	00:04:52	878252	50160.6082478
01/11/2015	00:02:00	878802	50160.6082478
02/11/2015	00:01:22	879384	48932.4814292
03/11/2015	00:00:08	879989	48932.4814292
04/11/2015	00:09:06	880574	48932.4814292
05/11/2015	00:11:57	881151	49573.5281693
06/11/2015	00:05:27	881738	49573.5281693
07/11/2015	00:01:03	882334	49573.5281693
08/11/2015	00:02:37	882898	49573.5281693
09/11/2015	00:00:21	883489	50461.1723239
10/11/2015	00:05:05	884070	50461.1723239
11/11/2015	00:00:01	884581	50461.1723239
12/11/2015	00:02:07	885143	48979.3558982
13/11/2015	00:00:33	885704	48979.3558982
14/11/2015	00:00:11	886274	48979.3558982
15/11/2015	00:04:17	886816	48979.3558982
16/11/2015	00:02:03	887382	47741.2880994
17/11/2015	00:03:12	887950	47741.2880994
18/11/2015	00:05:00	888493	47741.2880994
19/11/2015	00:06:30	889086	46716.2130178
20/11/2015	00:05:51	889640	46716.2130178
21/11/2015	00:00:26	890187	46716.2130178
22/11/2015	00:05:58	890704	46716.2130178
23/11/2015	00:02:49	891182	42343.9229412
24/11/2015	00:01:27	891782	42343.9229412
25/11/2015	00:00:10	892363	42343.9229412
26/11/2015	00:03:29	892851	42343.9229412
27/11/2015	00:03:40	893290	40010.2637291
28/11/2015	00:03:16	893871	40010.2637291
29/11/2015	00:02:06	894475	40010.2637291
30/11/2015	00:00:04	895141	40892.5321578
01/12/2015	00:00:34	895843	40892.5321578
02/12/2015	00:00:07	896467	40892.5321578
03/12/2015	00:02:22	897201	48842.3335684
04/12/2015	00:04:27	897821	48842.3335684
05/12/2015	00:05:40	898372	48842.3335684
06/12/2015	00:03:01	898971	48842.3335684
07/12/2015	00:01:38	899504	50114.955018
08/12/2015	00:02:18	900037	50114.955018
09/12/2015	00:00:22	900602	50114.955018
10/12/2015	00:01:52	901215	48340.9693177
11/12/2015	00:02:01	901835	48340.9693177
12/12/2015	00:02:00	902440	48340.9693177
13/12/2015	00:00:24	903053	48340.9693177
14/12/2015	00:01:04	903628	51947.9632788
15/12/2015	00:05:52	904195	51947.9632788
16/12/2015	00:00:11	904749	51947.9632788
17/12/2015	00:00:16	905302	50295.7122949
18/12/2015	00:00:02	905877	50295.7122949
19/12/2015	00:08:48	906483	50295.7122949
20/12/2015	00:06:17	907103	50295.7122949
21/12/2015	00:02:34	907655	52177.0508055
22/12/2015	00:05:04	908223	52177.0508055
23/12/2015	00:05:06	908768	52177.0508055
24/12/2015	00:01:01	909316	49565.5186899
25/12/2015	00:02:14	909949	49565.5186899
26/12/2015	00:00:15	910573	49565.5186899
27/12/2015	00:00:03	911185	49565.5186899
28/12/2015	00:04:02	911729	54025.280636
29/12/2015	00:06:07	912302	54025.280636
30/12/2015	00:00:07	912854	54025.280636
31/12/2015	00:03:21	913416	51717.7645855
01/01/2016	00:01:52	913977	51717.7645855
02/01/2016	00:05:20	914536	51717.7645855
03/01/2016	00:00:35	915072	51717.7645855
04/01/2016	00:07:07	915677	50157.6792638
05/01/2016	00:03:30	916290	50157.6792638
06/01/2016	00:06:14	916891	50157.6792638
07/01/2016	00:01:39	917492	53393.2763958
08/01/2016	00:00:16	918036	53393.2763958
09/01/2016	00:01:08	918612	53393.2763958
10/01/2016	00:01:04	919182	53393.2763958
11/01/2016	00:03:53	919784	52449.1281888
12/01/2016	00:03:45	920375	52449.1281888
13/01/2016	00:00:18	921038	52449.1281888
14/01/2016	00:07:28	921591	55392.3565827
15/01/2016	00:00:11	922148	55392.3565827
16/01/2016	00:07:18	922705	55392.3565827
17/01/2016	00:01:26	923289	55392.3565827
18/01/2016	00:03:00	923847	54290.2510429
19/01/2016	00:03:09	924462	54290.2510429
20/01/2016	00:08:41	925027	54290.2510429
21/01/2016	00:02:05	925592	54444.410415
22/01/2016	00:00:31	926146	54444.410415
23/01/2016	00:02:40	926726	54444.410415
24/01/2016	00:00:13	927281	54444.410415
25/01/2016	00:05:19	927864	53220.5918216
26/01/2016	00:03:20	928452	53220.5918216
27/01/2016	00:07:03	929074	53220.5918216
28/01/2016	00:01:33	929680	55790.986984
29/01/2016	00:02:10	930224	55790.986984
30/01/2016	00:03:33	930740	55790.986984
31/01/2016	00:01:26	931236	55790.986984
01/02/2016	00:00:51	931708	49371.7943236
02/02/2016	00:00:25	932355	49371.7943236
03/02/2016	00:02:39	932991	49371.7943236
04/02/2016	00:01:49	933627	53697.6827576
05/02/2016	00:01:01	934186	53697.6827576
06/02/2016	00:02:46	934771	53697.6827576
07/02/2016	00:04:21	935374	53697.6827576
08/02/2016	00:01:26	935968	54655.727975
09/02/2016	00:02:53	936555	54655.727975
10/02/2016	00:02:04	937111	54655.727975
11/02/2016	00:01:13	937629	53730.5997448
12/02/2016	00:02:16	938217	53730.5997448
13/02/2016	00:04:15	938776	53730.5997448
14/02/2016	00:00:09	939327	53730.5997448
15/02/2016	00:00:19	939909	52258.3135814
16/02/2016	00:04:40	940492	52258.3135814
17/02/2016	00:01:39	941111	52258.3135814
18/02/2016	00:02:57	941695	54484.4694779
19/02/2016	00:00:03	942245	54484.4694779
20/02/2016	00:03:03	942779	54484.4694779
21/02/2016	00:03:54	943331	54484.4694779
22/02/2016	00:06:29	943944	51825.7283522
23/02/2016	00:03:15	944514	51825.7283522
24/02/2016	00:00:28	945083	51825.7283522
25/02/2016	00:01:43	945681	53017.5876754
26/02/2016	00:07:54	946256	53017.5876754
27/02/2016	00:03:18	946834	53017.5876754
28/02/2016	00:01:05	947471	53017.5876754
29/02/2016	00:03:27	948046	54516.2823995
01/03/2016	00:00:06	948602	54516.2823995
02/03/2016	00:02:19	949105	54516.2823995
03/03/2016	00:01:17	949670	51932.2599212
04/03/2016	00:04:30	950241	51932.2599212
05/03/2016	00:00:09	950828	51932.2599212
06/03/2016	00:05:41	951408	51932.2599212
07/03/2016	00:00:25	951996	52537.0245872
08/03/2016	00:02:13	952619	52537.0245872
09/03/2016	00:02:19	953169	52537.0245872
10/03/2016	00:00:24	953733	52996.6530522
11/03/2016	00:02:24	954307	52996.6530522
12/03/2016	00:00:14	954808	52996.6530522
13/03/2016	00:01:57	955356	52996.6530522
14/03/2016	00:00:41	955959	50534.2012001
15/03/2016	00:03:41	956518	50534.2012001
16/03/2016	00:05:17	957107	50534.2012001
17/03/2016	00:07:16	957702	51359.0643946
18/03/2016	00:01:21	958314	51359.0643946
19/03/2016	00:10:17	958945	51359.0643946
20/03/2016	00:00:10	959572	51359.0643946
21/03/2016	00:01:30	960145	55224.9779481
22/03/2016	00:00:31	960782	55224.9779481
23/03/2016	00:02:45	961374	55224.9779481
24/03/2016	00:01:17	961982	57218.8188274
25/03/2016	00:03:17	962534	57218.8188274
26/03/2016	00:03:59	963050	57218.8188274
27/03/2016	00:01:48	963622	57218.8188274
28/03/2016	00:00:50	964188	55648.5800542
29/03/2016	00:02:32	964768	55648.5800542
30/03/2016	00:05:20	965343	55648.5800542
31/03/2016	00:00:19	965909	55067.0790061
01/04/2016	00:04:51	966451	55067.0790061
02/04/2016	00:06:53	967027	55067.0790061
03/04/2016	00:02:33	967598	55067.0790061
04/04/2016	00:05:46	968207	53975.0384557
05/04/2016	00:02:27	968781	53975.0384557
06/04/2016	00:03:00	969362	53975.0384557
07/04/2016	00:01:18	969970	55751.8791214
08/04/2016	00:00:06	970536	55751.8791214
09/04/2016	00:00:19	971024	55751.8791214
10/04/2016	00:01:01	971541	55751.8791214
11/04/2016	00:03:51	972106	51665.5049381
12/04/2016	00:03:33	972674	51665.5049381
13/04/2016	00:05:21	973295	51665.5049381
14/04/2016	00:02:38	973832	51925.3534511
15/04/2016	00:00:43	974397	51925.3534511
16/04/2016	00:04:42	974949	51925.3534511
17/04/2016	00:01:03	975468	51925.3534511
18/04/2016	00:01:09	976026	48972.6540479
19/04/2016	00:02:16	976637	48972.6540479
20/04/2016	00:00:34	977241	48972.6540479
21/04/2016	00:06:20	977840	51707.1796971
22/04/2016	00:00:48	978382	51707.1796971
23/04/2016	00:02:21	978886	51707.1796971
24/04/2016	00:03:45	979435	51707.1796971
25/04/2016	00:02:57	980019	48114.0621744
26/04/2016	00:01:49	980675	48114.0621744
27/04/2016	00:01:27	981249	48114.0621744
28/04/2016	00:01:49	981871	51871.4206693
29/04/2016	00:02:29	982428	51871.4206693
30/04/2016	00:00:21	982978	51871.4206693
01/05/2016	00:02:39	983568	51871.4206693
02/05/2016	00:04:36	984110	50785.7697265
03/05/2016	00:00:34	984631	50785.7697265
04/05/2016	00:00:43	985159	50785.7697265
05/05/2016	00:00:17	985679	50785.7697265
06/05/2016	00:02:36	986274	46115.2936629
07/05/2016	00:05:18	986856	46115.2936629
08/05/2016	00:02:09	987480	46115.2936629
09/05/2016	00:02:06	988049	48336.0729278
10/05/2016	00:00:01	988586	48336.0729278
11/05/2016	00:01:34	989187	48336.0729278
12/05/2016	00:01:37	989784	48336.0729278
13/05/2016	00:00:51	990308	47759.8692273
14/05/2016	00:06:09	990883	47759.8692273
15/05/2016	00:02:54	991433	47759.8692273
16/05/2016	00:04:47	992052	47092.1883292
17/05/2016	00:02:55	992679	47092.1883292
18/05/2016	00:00:25	993291	47092.1883292
19/05/2016	00:03:28	993902	50420.8891654
20/05/2016	00:05:36	994449	50420.8891654
21/05/2016	00:01:56	995005	50420.8891654
22/05/2016	00:01:29	995572	50420.8891654
23/05/2016	00:00:31	996119	48449.4879691
24/05/2016	00:01:41	996692	48449.4879691
25/05/2016	00:01:56	997304	48449.4879691
26/05/2016	00:01:36	997897	48449.4879691
27/05/2016	00:00:38	998459	49646.8778971
28/05/2016	00:02:23	999030	49646.8778971
29/05/2016	00:05:20	999637	49646.8778971
30/05/2016	00:00:23	1000194	49475.8750346
31/05/2016	00:00:08	1000657	49475.8750346
01/06/2016	00:06:30	1001106	49475.8750346
02/06/2016	00:14:34	1001545	49475.8750346
03/06/2016	00:01:38	1002042	40077.0931079
04/06/2016	00:00:05	1002619	40077.0931079
05/06/2016	00:00:50	1003228	40077.0931079
06/06/2016	00:00:33	1003787	40077.0931079
07/06/2016	00:00:18	1004437	41207.980427
08/06/2016	00:01:17	1005041	41207.980427
09/06/2016	00:00:00	1005646	41207.980427
10/06/2016	00:01:09	1006238	44270.4917796
11/06/2016	00:05:40	1006789	44270.4917796
12/06/2016	00:00:11	1007390	44270.4917796
13/06/2016	00:01:57	1007999	44270.4917796
14/06/2016	00:00:02	1008567	44592.2417069
15/06/2016	00:01:35	1009137	44592.2417069
16/06/2016	00:09:23	1009719	44592.2417069
17/06/2016	00:01:25	1010301	44248.1430809
18/06/2016	00:08:08	1010883	44248.1430809
19/06/2016	00:01:58	1011528	44248.1430809
20/06/2016	00:02:58	1012160	47528.9026604
21/06/2016	00:03:31	1012714	47528.9026604
22/06/2016	00:00:48	1013304	47528.9026604
23/06/2016	00:11:39	1013882	47528.9026604
24/06/2016	00:06:52	1014393	47044.2166603
25/06/2016	00:00:52	1014957	47044.2166603
26/06/2016	00:00:00	1015486	47044.2166603
27/06/2016	00:03:22	1016013	47044.2166603
28/06/2016	00:03:12	1016653	43904.8256545
29/06/2016	00:01:30	1017262	43904.8256545
30/06/2016	00:02:32	1017851	43904.8256545
01/07/2016	00:00:26	1018418	46315.2068326
02/07/2016	00:02:07	1018994	46315.2068326
03/07/2016	00:02:38	1019611	46315.2068326
04/07/2016	00:02:27	1020218	47852.4590821
05/07/2016	00:00:29	1020847	47852.4590821
06/07/2016	00:03:41	1021450	47852.4590821
07/07/2016	00:01:38	1022000	47852.4590821
08/07/2016	00:03:36	1022480	49027.9992238
09/07/2016	00:01:37	1022890	49027.9992238
10/07/2016	00:01:25	1023409	49027.9992238
11/07/2016	00:08:10	1023989	49027.9992238
12/07/2016	00:00:40	1024642	42477.9372756
13/07/2016	00:01:07	1025336	42477.9372756
14/07/2016	00:06:07	1025975	42477.9372756
15/07/2016	00:02:31	1026595	49359.8786374
16/07/2016	00:00:35	1027142	49359.8786374
17/07/2016	00:02:09	1027767	49359.8786374
18/07/2016	00:00:04	1028394	51707.1796971
19/07/2016	00:05:21	1028986	51707.1796971
20/07/2016	00:04:48	1029555	51707.1796971
21/07/2016	00:05:42	1030089	51707.1796971
22/07/2016	00:03:38	1030620	50417.3378567
23/07/2016	00:02:19	1031168	50417.3378567
24/07/2016	00:08:32	1031697	50417.3378567
25/07/2016	00:04:09	1032291	48065.6008058
26/07/2016	00:03:04	1032868	48065.6008058
27/07/2016	00:01:41	1033428	48065.6008058
28/07/2016	00:00:55	1034022	48065.6008058
29/07/2016	00:09:46	1034593	48022.0689655
30/07/2016	00:01:19	1035218	48022.0689655
31/07/2016	00:00:52	1035781	48022.0689655
01/08/2016	00:05:19	1036420	49953.4969411
02/08/2016	00:03:09	1037012	49953.4969411
03/08/2016	00:04:27	1037606	49953.4969411
04/08/2016	00:02:25	1038205	49953.4969411
05/08/2016	00:02:02	1038799	52332.1769221
06/08/2016	00:02:40	1039413	52332.1769221
07/08/2016	00:14:21	1039979	52332.1769221
08/08/2016	00:00:56	1040521	53084.4273054
09/08/2016	00:00:25	1041092	53084.4273054
10/08/2016	00:17:07	1041697	53084.4273054
11/08/2016	00:05:10	1042256	53084.4273054
12/08/2016	00:00:06	1042846	52864.8838669
13/08/2016	00:04:19	1043444	52864.8838669
14/08/2016	00:02:26	1044054	52864.8838669
15/08/2016	00:00:00	1044608	54983.8918476
16/08/2016	00:01:07	1045150	54983.8918476
17/08/2016	00:06:15	1045695	54983.8918476
18/08/2016	00:00:42	1046203	54983.8918476
19/08/2016	00:00:47	1046752	50566.9248249
20/08/2016	00:06:58	1047391	50566.9248249
21/08/2016	00:04:07	1047992	50566.9248249
22/08/2016	00:01:36	1048602	52958.0981504
23/08/2016	00:00:58	1049224	52958.0981504
24/08/2016	00:00:46	1049812	52958.0981504
25/08/2016	00:00:43	1050380	54828.0664845
26/08/2016	00:03:21	1050933	54828.0664845
27/08/2016	00:02:20	1051492	54828.0664845
28/08/2016	00:09:01	1052057	54828.0664845
29/08/2016	00:03:29	1052618	53594.4914334
30/08/2016	00:04:15	1053251	53594.4914334
31/08/2016	00:10:05	1053781	53594.4914334
01/09/2016	00:04:14	1054383	53920.1506535
02/09/2016	00:03:05	1054983	53920.1506535
03/09/2016	00:01:15	1055539	53920.1506535
04/09/2016	00:03:49	1056146	53920.1506535
05/09/2016	00:01:04	1056727	54623.057435
06/09/2016	00:03:40	1057294	54623.057435
07/09/2016	00:00:47	1057848	54623.057435
08/09/2016	00:03:42	1058382	54623.057435
09/09/2016	00:02:59	1058993	52982.2700862
10/09/2016	00:00:40	1059564	52982.2700862
11/09/2016	00:02:30	1060175	52982.2700862
12/09/2016	00:03:34	1060763	55343.8193908
13/09/2016	00:05:58	1061334	55343.8193908
14/09/2016	00:18:52	1061873	55343.8193908
15/09/2016	00:05:12	1062463	54222.3959399
16/09/2016	00:00:33	1063034	54222.3959399
17/09/2016	00:03:59	1063602	54222.3959399
18/09/2016	00:00:00	1064198	54222.3959399
19/09/2016	00:04:21	1064772	54343.8323717
20/09/2016	00:09:27	1065394	54343.8323717
21/09/2016	00:00:47	1065967	54343.8323717
22/09/2016	00:00:44	1066515	54954.3434757
23/09/2016	00:00:00	1067108	54954.3434757
24/09/2016	00:01:41	1067736	54954.3434757
25/09/2016	00:00:45	1068297	54954.3434757
26/09/2016	00:00:32	1068863	56707.3564129
27/09/2016	00:00:18	1069406	56707.3564129
28/09/2016	00:03:58	1069960	56707.3564129
29/09/2016	00:00:38	1070517	54301.9200182
30/09/2016	00:02:53	1071076	54301.9200182
01/10/2016	00:01:30	1071658	54301.9200182
02/10/2016	00:02:07	1072265	54301.9200182
03/10/2016	00:04:59	1072862	55110.8884669
04/10/2016	00:02:19	1073455	55110.8884669
05/10/2016	00:10:02	1074050	55110.8884669
06/10/2016	00:05:21	1074567	54725.3699622
07/10/2016	00:01:15	1075133	54725.3699622
08/10/2016	00:02:18	1075705	54725.3699622
09/10/2016	00:02:17	1076221	54725.3699622
10/10/2016	00:04:04	1076794	52274.2147734
11/10/2016	00:03:35	1077399	52274.2147734
12/10/2016	00:02:25	1077947	52274.2147734
13/10/2016	00:00:53	1078538	52274.2147734
14/10/2016	00:00:08	1079092	53098.2093317
15/10/2016	00:08:41	1079627	53098.2093317
16/10/2016	00:01:14	1080127	53098.2093317
17/10/2016	00:02:33	1080679	48912.9768697
18/10/2016	00:03:39	1081280	48912.9768697
19/10/2016	00:01:29	1081875	48912.9768697
20/10/2016	00:00:20	1082500	48912.9768697
21/10/2016	00:06:55	1083062	51710.9150453
22/10/2016	00:01:02	1083608	51710.9150453
23/10/2016	00:00:06	1084147	51710.9150453
24/10/2016	00:00:08	1084670	48703.866461
25/10/2016	00:01:08	1085250	48703.866461
26/10/2016	00:01:51	1085873	48703.866461
27/10/2016	00:02:22	1086500	48703.866461
28/10/2016	00:00:44	1087105	51370.1216405
29/10/2016	00:05:48	1087710	51370.1216405
30/10/2016	00:00:05	1088273	51370.1216405
31/10/2016	00:05:15	1088834	51699.0882937
01/11/2016	00:00:58	1089498	51699.0882937
02/11/2016	00:00:02	1090100	51699.0882937
03/11/2016	00:01:13	1090732	56224.822747
04/11/2016	00:00:47	1091315	56224.822747
05/11/2016	00:03:56	1091882	56224.822747
06/11/2016	00:00:05	1092443	56224.822747
07/11/2016	00:01:42	1093006	55937.7671269
08/11/2016	00:01:41	1093548	55937.7671269
09/11/2016	00:00:59	1094081	55937.7671269
10/11/2016	00:02:02	1094661	55937.7671269
11/11/2016	00:00:04	1095318	53827.5693696
12/11/2016	00:00:38	1095956	53827.5693696
13/11/2016	00:00:14	1096532	53827.5693696
14/11/2016	00:00:58	1097093	58578.2915752
15/11/2016	00:00:56	1097698	58578.2915752
16/11/2016	00:00:39	1098286	58578.2915752
17/11/2016	00:01:47	1098868	58509.6622846
18/11/2016	00:00:10	1099439	58509.6622846
19/11/2016	00:02:54	1100011	58509.6622846
20/11/2016	00:01:47	1100605	58509.6622846
21/11/2016	00:03:17	1101179	58875.4028157
22/11/2016	00:00:18	1101770	58875.4028157
23/11/2016	00:00:10	1102382	58875.4028157
24/11/2016	00:02:39	1102966	61421.5482302
25/11/2016	00:01:46	1103625	61421.5482302
26/11/2016	00:02:43	1104237	61421.5482302
27/11/2016	00:00:25	1104856	66544.2930185
28/11/2016	00:02:00	1105419	66544.2930185
29/11/2016	00:00:49	1106014	66544.2930185
30/11/2016	00:03:39	1106629	66544.2930185
01/12/2016	00:09:32	1107217	67725.8382743
02/12/2016	00:01:53	1107815	67725.8382743
03/12/2016	00:03:00	1108383	67725.8382743
04/12/2016	00:07:56	1108967	69056.5289256
05/12/2016	00:01:12	1109526	69056.5289256
06/12/2016	00:01:41	1110099	69056.5289256
07/12/2016	00:00:37	1110701	69056.5289256
08/12/2016	00:00:20	1111306	68987.7563608
09/12/2016	00:03:22	1111903	68987.7563608
10/12/2016	00:00:29	1112500	68987.7563608
11/12/2016	00:03:22	1113060	72568.6293593
12/12/2016	00:01:09	1113618	72568.6293593
13/12/2016	00:01:17	1114172	72568.6293593
14/12/2016	00:00:16	1114748	72568.6293593
15/12/2016	00:01:14	1115331	69123.2136994
16/12/2016	00:00:05	1115871	69123.2136994
17/12/2016	00:00:45	1116454	69123.2136994
18/12/2016	00:01:25	1116983	67542.6457822
19/12/2016	00:10:45	1117573	67542.6457822
20/12/2016	00:01:59	1118178	67542.6457822
21/12/2016	00:01:30	1118765	67542.6457822
22/12/2016	00:03:36	1119286	69215.6735588
23/12/2016	00:05:38	1119847	69215.6735588
24/12/2016	00:08:26	1120405	69215.6735588
25/12/2016	00:04:01	1120953	65453.1037215
26/12/2016	00:00:08	1121499	65453.1037215
27/12/2016	00:01:28	1122148	65453.1037215
28/12/2016	00:01:55	1122820	65453.1037215
29/12/2016	00:00:17	1123491	70628.2150962
30/12/2016	00:00:57	1124105	70628.2150962
31/12/2016	00:03:58	1124714	70628.2150962
01/01/2017	00:00:04	1125292	77009.5884958
02/01/2017	00:00:38	1125846	77009.5884958
03/01/2017	00:00:47	1126429	77009.5884958
04/01/2017	00:00:05	1126997	75959.4948888
05/01/2017	00:04:22	1127616	75959.4948888
06/01/2017	00:04:33	1128172	75959.4948888
07/01/2017	00:09:04	1128744	75959.4948888
08/01/2017	00:00:28	1129260	75357.0860091
09/01/2017	00:03:37	1129846	75357.0860091
10/01/2017	00:13:37	1130418	75357.0860091
11/01/2017	00:02:38	1131011	74963.8133803
12/01/2017	00:00:07	1131641	74963.8133803
13/01/2017	00:01:13	1132319	74963.8133803
14/01/2017	00:02:05	1132928	74963.8133803
15/01/2017	00:04:10	1133539	83631.6183429
16/01/2017	00:03:24	1134153	83631.6183429
17/01/2017	00:08:41	1134770	83631.6183429
18/01/2017	00:03:04	1135373	88616.7985804
19/01/2017	00:07:17	1135992	88616.7985804
20/01/2017	00:00:28	1136595	88616.7985804
21/01/2017	00:00:27	1137260	95319.4052111
22/01/2017	00:03:37	1137823	95319.4052111
23/01/2017	00:02:45	1138405	95319.4052111
24/01/2017	00:03:34	1138988	95319.4052111
25/01/2017	00:02:04	1139590	96311.2024039
26/01/2017	00:05:15	1140166	96311.2024039
27/01/2017	00:07:40	1140747	96311.2024039
28/01/2017	00:01:51	1141348	99113.8799529
29/01/2017	00:00:43	1141917	99113.8799529
30/01/2017	00:03:48	1142479	99113.8799529
31/01/2017	00:09:14	1143061	99113.8799529
01/02/2017	00:01:11	1143652	98710.6816824
02/02/2017	00:00:31	1144274	98710.6816824
03/02/2017	00:03:36	1144881	98710.6816824
04/02/2017	00:02:26	1145405	102398.535155
05/02/2017	00:00:04	1145990	102398.535155
06/02/2017	00:00:44	1146533	102398.535155
07/02/2017	00:03:37	1147032	102398.535155
08/02/2017	00:00:21	1147622	96127.9742161
09/02/2017	00:04:44	1148218	96127.9742161
10/02/2017	00:02:43	1148782	96127.9742161
11/02/2017	00:03:42	1149357	98674.3959932
12/02/2017	00:01:13	1149916	98674.3959932
13/02/2017	00:00:19	1150462	98674.3959932
14/02/2017	00:03:57	1150994	98674.3959932
15/02/2017	00:02:37	1151570	92762.4570194
16/02/2017	00:07:21	1152171	92762.4570194
17/02/2017	00:05:02	1152747	92762.4570194
18/02/2017	00:01:39	1153337	95184.2063738
19/02/2017	00:00:52	1153960	95184.2063738
20/02/2017	00:00:43	1154552	95184.2063738
21/02/2017	00:08:07	1155154	95184.2063738
22/02/2017	00:01:42	1155668	99011.0599843
23/02/2017	00:00:00	1156172	99011.0599843
24/02/2017	00:09:53	1156738	99011.0599843
25/02/2017	00:05:01	1157310	92301.9440803
26/02/2017	00:03:22	1157889	92301.9440803
27/02/2017	00:00:23	1158510	92301.9440803
28/02/2017	00:02:33	1159170	92301.9440803
01/03/2017	00:02:38	1159760	99024.7569861
02/03/2017	00:00:03	1160299	99024.7569861
03/03/2017	00:03:17	1160889	99024.7569861
04/03/2017	00:05:45	1161453	98387.3218336
05/03/2017	00:07:35	1161956	98387.3218336
06/03/2017	00:01:14	1162496	98387.3218336
07/03/2017	00:02:48	1163051	98387.3218336
08/03/2017	00:01:40	1163571	89872.1831384
09/03/2017	00:00:17	1164167	89872.1831384
10/03/2017	00:00:54	1164713	89872.1831384
11/03/2017	00:01:06	1165277	88481.7008653
12/03/2017	00:01:38	1165830	88481.7008653
13/03/2017	00:00:33	1166391	88481.7008653
14/03/2017	00:00:22	1166987	88481.7008653
15/03/2017	00:06:46	1167553	87513.5350572
16/03/2017	00:03:57	1168162	87513.5350572
17/03/2017	00:00:13	1168808	87513.5350572
18/03/2017	00:00:28	1169391	93785.3861775
19/03/2017	00:01:31	1169951	93785.3861775
20/03/2017	00:02:28	1170519	93785.3861775
21/03/2017	00:00:37	1171024	93785.3861775
22/03/2017	00:05:03	1171657	89024.5783932
23/03/2017	00:01:23	1172243	89024.5783932
24/03/2017	00:02:49	1172867	89024.5783932
25/03/2017	00:00:49	1173438	94374.7777363
26/03/2017	00:05:54	1174004	94374.7777363
27/03/2017	00:01:57	1174573	94374.7777363
28/03/2017	00:08:50	1175095	94374.7777363
29/03/2017	00:01:39	1175616	89105.8456432
30/03/2017	00:03:05	1176174	89105.8456432
31/03/2017	00:00:38	1176740	89105.8456432
01/04/2017	00:04:19	1177325	89105.8456432
02/04/2017	00:01:38	1177927	87420.907407
03/04/2017	00:03:32	1178520	87420.907407
04/04/2017	00:00:34	1179155	87420.907407
05/04/2017	00:03:02	1179809	92957.2053763
06/04/2017	00:01:54	1180407	92957.2053763
07/04/2017	00:02:51	1181043	92957.2053763
08/04/2017	00:10:32	1181609	102135.543982
09/04/2017	00:04:43	1182112	102135.543982
10/04/2017	00:02:40	1182676	102135.543982
11/04/2017	00:00:09	1183211	102135.543982
12/04/2017	00:01:10	1183766	91853.8380598
13/04/2017	00:06:28	1184351	91853.8380598
14/04/2017	00:00:22	1184928	91853.8380598
15/04/2017	00:00:31	1185501	93015.5879932
16/04/2017	00:00:23	1186093	93015.5879932
17/04/2017	00:00:35	1186651	93015.5879932
18/04/2017	00:03:02	1187393	93015.5879932
19/04/2017	00:03:24	1188131	102266.870491
20/04/2017	00:01:52	1188907	102266.870491
21/04/2017	00:01:40	1189582	132015.840361
22/04/2017	00:06:16	1190156	132015.840361
23/04/2017	00:02:42	1190714	132015.840361
24/04/2017	00:08:04	1191296	132015.840361
25/04/2017	00:01:27	1191957	131639.297125
26/04/2017	00:00:18	1192582	131639.297125
27/04/2017	00:02:47	1193205	131639.297125
28/04/2017	00:02:54	1193731	146317.505892
29/04/2017	00:05:49	1194195	146317.505892
30/04/2017	00:03:38	1194690	146317.505892
01/05/2017	00:01:32	1195243	146317.505892
02/05/2017	00:00:17	1195849	125655.4055
03/05/2017	00:00:44	1196580	125655.4055
04/05/2017	00:03:48	1197363	125655.4055
05/05/2017	00:02:47	1198005	163668.935946
06/05/2017	00:01:55	1198659	163668.935946
07/05/2017	00:00:23	1199263	163668.935946
08/05/2017	00:03:29	1199904	179053.704566
09/05/2017	00:02:07	1200524	179053.704566
10/05/2017	00:02:02	1201124	179053.704566
11/05/2017	00:07:03	1201692	189978.759353
12/05/2017	00:01:41	1202331	189978.759353
13/05/2017	00:05:40	1202997	189978.759353
14/05/2017	00:00:31	1203690	213651.418075
15/05/2017	00:03:10	1204339	213651.418075
16/05/2017	00:02:09	1204964	213651.418075
17/05/2017	00:03:20	1205569	232423.628675
18/05/2017	00:07:40	1206086	232423.628675
19/05/2017	00:06:49	1206681	232423.628675
20/05/2017	00:00:10	1207220	232423.628675
21/05/2017	00:00:46	1207827	224826.124562
22/05/2017	00:01:17	1208436	224826.124562
23/05/2017	00:05:20	1209072	224826.124562
24/05/2017	00:04:09	1209670	241294.664534
25/05/2017	00:04:03	1210213	241294.664534
26/05/2017	00:04:28	1210765	241294.664534
27/05/2017	00:03:28	1211375	241294.664534
28/05/2017	00:02:23	1211921	240940.126823
29/05/2017	00:02:50	1212474	240940.126823
30/05/2017	00:11:03	1213028	240940.126823
31/05/2017	00:02:12	1213702	241458.351711
01/06/2017	00:00:16	1214280	241458.351711
02/06/2017	00:00:09	1214901	241458.351711
03/06/2017	00:04:18	1215536	241458.351711
04/06/2017	00:00:15	1216139	257730.14755
05/06/2017	00:03:58	1216697	257730.14755
06/06/2017	00:01:33	1217289	257730.14755
07/06/2017	00:00:29	1217808	252310.991462
08/06/2017	00:03:17	1218283	252310.991462
09/06/2017	00:01:26	1218736	252310.991462
10/06/2017	00:03:21	1219161	252310.991462
11/06/2017	00:06:38	1219596	252310.991462
12/06/2017	00:00:10	1220190	197309.127077
13/06/2017	00:02:16	1220875	197309.127077
14/06/2017	00:00:32	1221584	197309.127077
15/06/2017	00:04:26	1222163	230314.867886
16/06/2017	00:00:16	1222727	230314.867886
17/06/2017	00:02:37	1223283	230314.867886
18/06/2017	00:02:08	1223882	228363.538711
19/06/2017	00:01:59	1224534	228363.538711
20/06/2017	00:00:38	1225254	228363.538711
21/06/2017	00:03:52	1225916	271187.729027
22/06/2017	00:00:05	1226431	271187.729027
23/06/2017	00:01:12	1227009	271187.729027
24/06/2017	00:01:31	1227526	271187.729027
25/06/2017	00:01:05	1228087	255206.125013
26/06/2017	00:00:50	1228659	255206.125013
27/06/2017	00:01:08	1229210	255206.125013
28/06/2017	00:01:23	1229725	255206.125013
29/06/2017	00:01:54	1230315	243261.890752
30/06/2017	00:09:00	1230949	243261.890752
01/07/2017	00:05:19	1231521	243261.890752
02/07/2017	00:07:14	1232083	252730.130436
03/07/2017	00:00:54	1232631	252730.130436
04/07/2017	00:06:08	1233208	252730.130436
05/07/2017	00:05:11	1233807	250000.307087
06/07/2017	00:00:41	1234454	250000.307087
07/07/2017	00:00:03	1235085	250000.307087
08/07/2017	00:01:07	1235716	250000.307087
09/07/2017	00:00:28	1236288	275720.588427
10/07/2017	00:00:15	1236851	275720.588427
11/07/2017	00:02:39	1237449	275720.588427
12/07/2017	00:11:18	1238009	275263.692476
13/07/2017	00:02:27	1238600	275263.692476
14/07/2017	00:01:58	1239211	275263.692476
15/07/2017	00:01:11	1239778	275263.692476
16/07/2017	00:01:04	1240342	279350.514142
17/07/2017	00:00:35	1240975	279350.514142
18/07/2017	00:01:55	1241669	279350.514142
19/07/2017	00:00:27	1242325	306983.067008
20/07/2017	00:00:14	1242999	306983.067008
21/07/2017	00:02:54	1243642	306983.067008
22/07/2017	00:01:11	1244298	350559.622854
23/07/2017	00:00:13	1244927	350559.622854
24/07/2017	00:00:38	1245581	350559.622854
25/07/2017	00:01:48	1246164	391487.170612
26/07/2017	00:03:16	1246727	391487.170612
27/07/2017	00:00:00	1247308	391487.170612
28/07/2017	00:04:19	1247921	394147.465457
29/07/2017	00:03:20	1248546	394147.465457
30/07/2017	00:00:28	1249185	394147.465457
31/07/2017	00:06:44	1249839	394147.465457
01/08/2017	00:00:59	1250406	437853.171577
02/08/2017	00:03:04	1250995	437853.171577
03/08/2017	00:06:13	1251600	437853.171577
